rank,trial_id,n_folds,n_estimators,max_depth,learning_rate,subsample,colsample_bytree,min_child_weight,reg_alpha,reg_lambda,gamma,max_delta_step,early_stopping_rounds,mean_val_start,std_val_start,mean_val_end,std_val_end,mean_best_iteration,std_best_iteration,mean_val_rmse,std_val_rmse,mean_val_mae,std_val_mae,mean_val_corr,std_val_corr,mean_val_r2,std_val_r2,mean_selection_score,std_selection_score
1,182,3,800,4,0.1,0.8,1.0,10.0,0.1,1.0,0.0,0.0,50,,,,,20.333333333333332,8.65383665716478,0.6692468722661337,0.04879197993685074,0.535564124584198,0.04196163923650648,0.596736398006195,0.11779811025515972,0.3358639081319173,0.16726290361026472,0.3358639081319173,0.16726290361026472
2,75,3,1200,2,0.01,0.6,1.0,10.0,0.01,1.0,0.5,0.0,100,,,,,394.0,141.23030836190935,0.6722089648246765,0.047224987022858635,0.5429535607496897,0.04559308036168366,0.603531404449741,0.0990066808064432,0.33045075337092084,0.16538848909502954,0.33045075337092084,0.16538848909502954
3,196,3,500,3,0.05,0.6,0.6,5.0,0.0,5.0,0.5,0.0,50,,,,,106.0,40.32369030731191,0.6739856998125712,0.04519161759179462,0.5469428499539694,0.04659772018315395,0.6089144763348376,0.08698624981245563,0.32860056559244794,0.1581239488170381,0.32860056559244794,0.1581239488170381
4,145,3,1600,5,0.05,0.6,0.6,10.0,0.01,5.0,0.5,0.0,100,,,,,92.0,29.87752778706208,0.6735384464263916,0.04795593204268605,0.5459414720535278,0.0446913678652495,0.6054303818676665,0.09692144070210351,0.32848626375198364,0.16424260576789695,0.32848626375198364,0.16424260576789695
5,120,3,800,3,0.03,0.6,0.6,10.0,1.0,10.0,0.5,1.0,100,,,,,118.33333333333333,24.997777679003566,0.6743761499722799,0.04657304024692898,0.5402339001496633,0.044911669388511724,0.5916863837963938,0.11103941350958144,0.3268546462059021,0.16313231248274102,0.3268546462059021,0.16313231248274102
6,105,3,500,3,0.03,0.6,0.6,5.0,0.01,5.0,0.5,0.0,50,,,,,100.0,30.011109054259666,0.6756021579106649,0.041932705526551,0.5430470804373423,0.04137033943256391,0.5940732994011914,0.10059940473914392,0.3258937994639079,0.15384478016842798,0.3258937994639079,0.15384478016842798
7,110,3,1600,5,0.05,0.6,0.6,1.0,0.1,10.0,0.5,1.0,50,,,,,79.33333333333333,41.24991582482994,0.6769852240880331,0.04079665534666509,0.5440875093142191,0.03818008488101213,0.5855468718114407,0.10146962885235908,0.3257339795430501,0.14259761513794766,0.3257339795430501,0.14259761513794766
8,136,3,1200,3,0.03,0.6,0.6,5.0,0.01,5.0,0.5,1.0,100,,,,,99.0,28.717010057919794,0.6758178869883219,0.04151021741735392,0.5431943635145823,0.04120175092008763,0.59363579655781,0.10091256670541784,0.3253286878267924,0.15407329342676337,0.3253286878267924,0.15407329342676337
9,128,3,1600,2,0.1,1.0,0.6,10.0,0.0,1.0,0.1,1.0,50,,,,,48.0,25.152865973217974,0.6783745090166727,0.04576581583614438,0.5476444760958353,0.04947068308860698,0.6048520810277895,0.07838337096727918,0.3233293692270915,0.14596823377089302,0.3233293692270915,0.14596823377089302
10,148,3,500,4,0.01,0.6,0.8,10.0,0.0,1.0,0.0,1.0,50,,,,,246.0,53.391634800469134,0.6791166663169861,0.0513740337963015,0.5483069717884064,0.04454500328303336,0.5891873801445039,0.10992627314123057,0.318595031897227,0.1651704099580894,0.318595031897227,0.1651704099580894
11,71,3,800,5,0.01,0.6,0.8,1.0,0.1,1.0,0.5,1.0,100,,,,,249.0,126.68333223698636,0.680163562297821,0.0423846209832188,0.5448423624038696,0.042931161657730275,0.5808570700468451,0.10780864152410366,0.3182958165804545,0.14989857425765932,0.3182958165804545,0.14989857425765932
12,46,3,1600,4,0.03,0.8,1.0,5.0,0.1,5.0,0.5,0.0,50,,,,,91.33333333333333,38.30868772948971,0.6804401079813639,0.03446927520948469,0.5447180072466532,0.036168946224764076,0.5798465347161827,0.10759367820227318,0.3178559939066569,0.14283905374744854,0.3178559939066569,0.14283905374744854
13,37,3,1200,4,0.01,0.6,1.0,10.0,1.0,10.0,0.1,0.0,50,,,,,320.0,144.81942779429377,0.6786852677663168,0.04524221977966371,0.5441774626572927,0.04531120367243691,0.5770176159678889,0.12528386765976543,0.3175492286682129,0.16604869799643274,0.3175492286682129,0.16604869799643274
14,8,3,1600,3,0.03,0.6,1.0,3.0,0.1,10.0,0.5,1.0,50,,,,,129.0,6.164414002968976,0.6803122361501058,0.03123912831955869,0.5468318859736124,0.034066244559763245,0.5912147917231702,0.09720600898284912,0.31687506039937335,0.14538220367255894,0.31687506039937335,0.14538220367255894
15,250,3,1200,4,0.1,1.0,1.0,1.0,1.0,10.0,0.5,1.0,100,,,,,24.666666666666668,11.897712198383164,0.6789767742156982,0.042661745729628206,0.543410470088323,0.042581008253125455,0.5720868367016924,0.1306649512147801,0.31686753034591675,0.16410095490986043,0.31686753034591675,0.16410095490986043
16,137,3,1200,5,0.1,0.6,0.6,5.0,0.0,10.0,0.5,1.0,50,,,,,30.666666666666668,13.474255287605157,0.680828313032786,0.03571128347747828,0.5494165420532227,0.034864979846988234,0.5745095972037514,0.11386350273795758,0.3167324463526408,0.1454207479847509,0.3167324463526408,0.1454207479847509
17,172,3,800,4,0.05,0.8,1.0,5.0,0.0,1.0,0.0,0.0,50,,,,,52.0,24.124676163629637,0.6812655131022135,0.027575412190497892,0.5437069336573283,0.030646409078694755,0.5882309191758538,0.09313483587706524,0.3164899945259094,0.1368884837540639,0.3164899945259094,0.1368884837540639
18,76,3,800,5,0.01,0.8,0.8,10.0,1.0,1.0,0.1,1.0,50,,,,,221.66666666666666,68.76206964760603,0.6809446215629578,0.04043938113836629,0.5453640321890513,0.04020022070542288,0.5860025997981823,0.10352651150599565,0.3160792390505473,0.1511587520770446,0.3160792390505473,0.1511587520770446
19,96,3,1600,5,0.05,1.0,0.8,10.0,0.1,5.0,0.0,1.0,100,,,,,44.333333333333336,15.15109090315135,0.6813360850016276,0.04684552114168677,0.5484437445799509,0.04579294257179033,0.5795047277356487,0.11316240046763984,0.31600884596506756,0.1541782161044912,0.31600884596506756,0.1541782161044912
20,53,3,500,4,0.01,0.6,1.0,10.0,0.0,10.0,0.1,0.0,100,,,,,306.6666666666667,127.85495253954338,0.6796882549921671,0.04508858677857389,0.5463060041268667,0.043748865842488834,0.5762992236336962,0.12307747259233683,0.31586654980977374,0.16516783586064496,0.31586654980977374,0.16516783586064496
21,73,3,800,4,0.05,0.6,0.6,1.0,0.0,3.0,0.5,1.0,100,,,,,139.0,96.21850133939938,0.6835651993751526,0.03827071532195171,0.5563663045565287,0.042382625310692396,0.5968379605866484,0.07262827743844183,0.3150861660639445,0.13077331842430653,0.3150861660639445,0.13077331842430653
22,85,3,1600,3,0.03,0.6,1.0,1.0,1.0,1.0,0.5,1.0,50,,,,,116.33333333333333,26.335442953471574,0.6807669401168823,0.038873548078168146,0.5514430006345113,0.032311259769982344,0.5931269176565815,0.10012282711270148,0.31475285689036053,0.1562364125587622,0.31475285689036053,0.1562364125587622
23,77,3,500,3,0.05,0.6,0.6,1.0,1.0,3.0,0.5,0.0,100,,,,,103.66666666666667,33.169597860423664,0.6825215021769205,0.03933252029607375,0.5557784636815389,0.0406742360757623,0.5991769318412316,0.07971957502837249,0.314693808555603,0.1432239613397181,0.314693808555603,0.1432239613397181
24,208,3,500,3,0.03,0.6,0.6,5.0,0.1,3.0,0.1,0.0,50,,,,,100.0,30.011109054259666,0.6818300684293112,0.04448970164893723,0.5470691422621409,0.04320385837175243,0.5909973976759234,0.09427397818551567,0.31441442171732586,0.1546732504661011,0.31441442171732586,0.1546732504661011
25,2,3,800,4,0.1,1.0,0.8,5.0,0.01,3.0,0.5,1.0,50,,,,,19.0,7.874007874011811,0.6832412679990133,0.04209722696503493,0.5439834892749786,0.04224943211443562,0.5698241221316404,0.11456257815932165,0.31355496247609455,0.14453917235491534,0.31355496247609455,0.14453917235491534
26,219,3,800,5,0.03,0.8,1.0,5.0,0.0,5.0,0.5,0.0,100,,,,,70.66666666666667,34.87437773240151,0.6822925011316935,0.03708793757754335,0.5459255576133728,0.03881174499019776,0.5722266507613513,0.11525845301659098,0.31349875529607135,0.14830860170103613,0.31349875529607135,0.14830860170103613
27,39,3,1200,5,0.01,1.0,0.6,10.0,1.0,5.0,0.5,1.0,100,,,,,260.6666666666667,113.93662956027599,0.6822891235351562,0.046532144092924624,0.5498818357785543,0.04219167213663413,0.5711541018604845,0.11962840189036661,0.31333331267038983,0.15739556187126783,0.31333331267038983,0.15739556187126783
28,212,3,500,5,0.05,0.8,0.8,5.0,0.1,3.0,0.1,0.0,100,,,,,52.0,20.704266871026046,0.6848211288452148,0.03806985890609879,0.5505717694759369,0.038933151803533725,0.5794608117921095,0.09322999067053078,0.31328777472178143,0.12723997331079567,0.31328777472178143,0.12723997331079567
29,126,3,500,5,0.01,1.0,0.8,10.0,1.0,5.0,0.5,0.0,100,,,,,198.66666666666666,72.92614224146388,0.6816585262616476,0.044273843763666075,0.5481765965620676,0.043672051987493576,0.570861684302443,0.12303874315200965,0.31303979953130084,0.16111163820721178,0.31303979953130084,0.16111163820721178
30,65,3,800,2,0.03,0.6,0.6,1.0,0.01,10.0,0.5,1.0,100,,,,,179.33333333333334,85.33984350166625,0.680253267288208,0.047513429132784946,0.5469289223353068,0.044719950839168146,0.5834107060932608,0.11717529807414948,0.3129858374595642,0.17355697221352495,0.3129858374595642,0.17355697221352495
31,107,3,1200,4,0.05,0.8,0.8,10.0,0.01,1.0,0.5,1.0,50,,,,,31.333333333333332,9.977753031397176,0.6822731097539266,0.046213502972843545,0.548475980758667,0.040899792014172424,0.5722015100849415,0.12218192081073163,0.312924325466156,0.1588566841633764,0.312924325466156,0.1588566841633764
32,27,3,500,4,0.05,0.6,1.0,10.0,0.1,1.0,0.0,0.0,50,,,,,33.666666666666664,7.845734863959881,0.6831071575482687,0.04337800176806035,0.549582819143931,0.040118915812921686,0.5784317141585446,0.10862296633090333,0.3129111925760905,0.1496816289884438,0.3129111925760905,0.1496816289884438
33,149,3,1200,2,0.1,1.0,0.8,1.0,0.0,1.0,0.5,1.0,100,,,,,44.0,20.11632835948615,0.6833573778470358,0.03685627491824855,0.5508241454760233,0.03875276704423603,0.6010064952817574,0.0740061608501375,0.31282635529836017,0.14227758923724737,0.31282635529836017,0.14227758923724737
34,92,3,1200,5,0.01,1.0,0.8,1.0,1.0,1.0,0.1,1.0,100,,,,,306.0,170.52272575818156,0.6808078090349833,0.029364352063482774,0.5464816093444824,0.028003111315570546,0.5765451811993765,0.11179723725938034,0.3125495711962382,0.1560558724649926,0.3125495711962382,0.1560558724649926
35,158,3,800,2,0.05,1.0,0.8,1.0,0.01,1.0,0.1,1.0,50,,,,,95.0,53.98765290940759,0.6827605764071146,0.03911358471911916,0.5523465474446615,0.04013573313256966,0.5983620205642115,0.0793930367243832,0.312262495358785,0.1513859144965756,0.312262495358785,0.1513859144965756
36,6,3,1200,4,0.05,1.0,0.8,5.0,0.1,5.0,0.0,1.0,50,,,,,49.0,27.067816067549053,0.6833973526954651,0.036744964530661596,0.54607621828715,0.03828864758731947,0.570007754646689,0.11308646826188846,0.31170809268951416,0.14666385585700284,0.31170809268951416,0.14666385585700284
37,70,3,500,2,0.05,0.6,0.8,10.0,1.0,5.0,0.1,1.0,100,,,,,124.33333333333333,18.080068829760823,0.6810396909713745,0.05048088564773875,0.5524463852246603,0.049371199489319686,0.6016856868394457,0.09647011066570542,0.31162981192270917,0.17610186899187213,0.31162981192270917,0.17610186899187213
38,114,3,800,2,0.05,0.6,0.6,1.0,0.0,5.0,0.1,0.0,100,,,,,103.0,41.817061908587824,0.6802999178568522,0.05036221363091105,0.550354798634847,0.051839241930875204,0.5959146199999356,0.10152952670957144,0.31130627791086835,0.18128720559898717,0.31130627791086835,0.18128720559898717
39,244,3,500,2,0.1,1.0,0.6,5.0,0.01,1.0,0.5,0.0,100,,,,,176.33333333333334,216.3428349223108,0.6836162606875101,0.04029717638518622,0.5528849562009176,0.04196925005149365,0.5961956178333347,0.08068897331180444,0.31125398476918537,0.149815791790123,0.31125398476918537,0.149815791790123
40,235,3,1200,5,0.01,0.8,1.0,1.0,0.0,1.0,0.5,1.0,100,,,,,247.33333333333334,131.74807609811825,0.6840959390004476,0.030463499769850973,0.5523566007614136,0.03075863401489125,0.5748909098557133,0.10187233770472812,0.31092387437820435,0.1394153763056879,0.31092387437820435,0.1394153763056879
41,42,3,800,5,0.01,1.0,0.6,10.0,0.0,10.0,0.5,0.0,50,,,,,229.33333333333334,59.157041470610714,0.684724768002828,0.04540512254568668,0.5514241854349772,0.04170723144113699,0.5672877515503917,0.11496638143536814,0.31062279144922894,0.14787849408487413,0.31062279144922894,0.14787849408487413
42,10,3,1600,2,0.01,0.8,0.8,3.0,1.0,1.0,0.1,1.0,100,,,,,483.0,193.41837210220405,0.6833395560582479,0.0397024182894056,0.5524882078170776,0.04309790988197693,0.5955658896881818,0.08614048444226259,0.31048500537872314,0.15452942609544354,0.31048500537872314,0.15452942609544354
43,188,3,800,2,0.03,0.8,0.6,10.0,0.0,10.0,0.0,0.0,50,,,,,155.66666666666666,53.952654141282885,0.6820145845413208,0.05331087983465962,0.5465185443560282,0.05264837827805549,0.5962912567843309,0.09825793317950583,0.3100581963857015,0.1780767328559461,0.3100581963857015,0.1780767328559461
44,129,3,500,5,0.05,0.8,0.8,10.0,0.01,1.0,0.5,0.0,50,,,,,31.0,9.899494936611665,0.6834792494773865,0.04950700810239897,0.5500921010971069,0.04472999462260607,0.5760757826887336,0.11950103578789402,0.3099185029665629,0.16473589865182156,0.3099185029665629,0.16473589865182156
45,18,3,800,3,0.1,0.6,1.0,5.0,0.0,1.0,0.5,1.0,50,,,,,24.0,9.93310961716756,0.6857662995656332,0.038162103299968574,0.5466497739156088,0.032854474441331195,0.5730741811344168,0.09835572096892997,0.30989054838816327,0.13532372608335647,0.30989054838816327,0.13532372608335647
46,139,3,500,5,0.01,0.8,0.8,1.0,0.0,10.0,0.5,1.0,50,,,,,257.6666666666667,90.72424642227065,0.6853920618693033,0.03930354692570408,0.5468356907367706,0.04034657338154661,0.5691947844764113,0.10886270146057542,0.30987268686294556,0.13988394115957584,0.30987268686294556,0.13988394115957584
47,207,3,800,5,0.01,0.8,0.6,3.0,0.0,3.0,0.5,0.0,50,,,,,204.0,92.10139340241638,0.6858532230059305,0.040090212248227994,0.5484040081501007,0.04226792109515123,0.5733465448139128,0.10111009517289277,0.3097386956214905,0.13691836407914104,0.3097386956214905,0.13691836407914104
48,84,3,1600,4,0.03,1.0,0.6,10.0,0.01,5.0,0.5,0.0,100,,,,,80.33333333333333,28.986586936412884,0.6835164825121561,0.05545564732121046,0.5487721065680186,0.04853990121262918,0.5658696703084864,0.1364832641649477,0.30954156319300336,0.17182442268535236,0.30954156319300336,0.17182442268535236
49,133,3,1600,4,0.01,1.0,0.8,1.0,0.1,5.0,0.5,0.0,100,,,,,221.66666666666666,98.19142302439433,0.6838865876197815,0.0431780865474683,0.5448426008224487,0.042695276918553564,0.5679466384023278,0.1240486791687966,0.30948885281880695,0.15741465415702732,0.30948885281880695,0.15741465415702732
50,144,3,800,5,0.01,0.6,0.6,5.0,0.1,3.0,0.1,1.0,100,,,,,280.3333333333333,92.16048803883125,0.6860053141911825,0.04529056411442198,0.5535552104314169,0.044062881671434496,0.5799994022877762,0.09844032424071204,0.30938059091567993,0.14197021315293157,0.30938059091567993,0.14197021315293157
51,166,3,1600,2,0.03,0.8,0.6,3.0,0.01,3.0,0.0,1.0,50,,,,,132.66666666666666,57.586649687425144,0.6841521064440409,0.041826310066702156,0.551026463508606,0.04460306623533182,0.5933178908649616,0.0866073768916805,0.309256633122762,0.1551058430358383,0.309256633122762,0.1551058430358383
52,252,3,1600,5,0.03,0.8,0.8,10.0,1.0,5.0,0.5,1.0,50,,,,,90.66666666666667,38.58612300930075,0.6850951910018921,0.04238924332127694,0.5492925445238749,0.041158837268996065,0.569057178426121,0.11138094996859169,0.30922357241312665,0.1481639698301882,0.30922357241312665,0.1481639698301882
53,249,3,800,5,0.03,0.8,1.0,10.0,0.0,5.0,0.1,1.0,100,,,,,89.66666666666667,36.609045633862436,0.6844667394955953,0.04573638735378819,0.5511081417401632,0.043068350655162756,0.5745410271211032,0.11594219847414305,0.30898725986480713,0.1573358975162017,0.30898725986480713,0.1573358975162017
54,163,3,1200,4,0.05,0.6,1.0,5.0,0.0,1.0,0.0,1.0,100,,,,,34.666666666666664,9.741092797468305,0.6834071079889933,0.041298572816676836,0.554684062798818,0.03779194988791274,0.5734458197684466,0.12958404564320852,0.30889201164245605,0.1613864598829564,0.30889201164245605,0.1613864598829564
55,209,3,800,4,0.01,0.8,0.6,3.0,0.1,10.0,0.5,0.0,100,,,,,328.0,191.00959836266517,0.6850893497467041,0.04174994893318926,0.5496978461742401,0.041906972124136195,0.567039108106011,0.11612613779045457,0.308738907178243,0.14973969826747652,0.308738907178243,0.14973969826747652
56,242,3,500,5,0.01,0.6,0.8,1.0,0.01,3.0,0.5,0.0,100,,,,,254.0,59.200225224796796,0.6860032081604004,0.040386295253881134,0.5500178337097168,0.04000579319565665,0.5763534595748313,0.09978886589905442,0.3086742361386617,0.14089499077523815,0.3086742361386617,0.14089499077523815
57,174,3,500,3,0.01,0.6,0.6,5.0,1.0,10.0,0.1,0.0,50,,,,,379.6666666666667,102.58763191643631,0.6849943995475769,0.04039732926289089,0.5498794217904409,0.04578819653081327,0.5823207352655264,0.09890819406437737,0.3086071014404297,0.14988058231624166,0.3086071014404297,0.14988058231624166
58,13,3,1200,2,0.1,0.8,1.0,10.0,0.0,3.0,0.5,1.0,50,,,,,42.0,17.682382946499793,0.6838740706443787,0.04544287087616817,0.5499147474765778,0.04795337992825929,0.59564941800763,0.08739958517185759,0.30852027734120685,0.16329016859750659,0.30852027734120685,0.16329016859750659
59,16,3,1200,5,0.1,0.8,0.8,10.0,1.0,10.0,0.1,1.0,100,,,,,25.666666666666668,12.39175353029407,0.6835121512413025,0.04596520963780493,0.5462351640065511,0.04437417172020891,0.5623924183391068,0.13360010848154616,0.3084417184193929,0.16658094689488775,0.3084417184193929,0.16658094689488775
60,189,3,500,4,0.03,0.6,1.0,1.0,1.0,10.0,0.5,0.0,50,,,,,101.66666666666667,25.746628689770024,0.6842251221338908,0.03492385213506873,0.5472850203514099,0.038485543289932395,0.5756098201683183,0.1103398590846938,0.30842940012613934,0.1519331210512471,0.30842940012613934,0.1519331210512471
61,141,3,800,4,0.01,1.0,0.8,1.0,0.01,5.0,0.5,0.0,100,,,,,368.0,304.8835843399903,0.6848927736282349,0.04120288498115071,0.5460696816444397,0.041133056178631194,0.5659269709513014,0.12251992439271205,0.3079949418703715,0.15390924892301128,0.3079949418703715,0.15390924892301128
62,175,3,800,5,0.03,0.6,0.8,5.0,0.0,1.0,0.1,0.0,100,,,,,79.66666666666667,11.897712198383164,0.6866234143575033,0.03822059234859614,0.5538778305053711,0.03559125265963588,0.5822640688009235,0.09005727065460119,0.30798667669296265,0.13654080911946853,0.30798667669296265,0.13654080911946853
63,89,3,1600,3,0.01,0.6,0.6,10.0,0.0,3.0,0.5,1.0,100,,,,,260.0,127.50947677199004,0.6835561593373617,0.05377205227328889,0.548407256603241,0.04852192724344291,0.5684539080812089,0.13154965080211944,0.30798659722010296,0.1755891054185854,0.30798659722010296,0.1755891054185854
64,193,3,500,5,0.01,0.6,0.6,3.0,0.1,5.0,0.5,0.0,50,,,,,281.6666666666667,130.42068683899635,0.6863481005032858,0.04301605396637207,0.5515312850475311,0.04525151224014947,0.5730811720068704,0.1042995495822355,0.30779282251993817,0.14424563775382473,0.30779282251993817,0.14424563775382473
65,236,3,800,2,0.03,1.0,0.6,5.0,0.01,1.0,0.1,0.0,100,,,,,182.33333333333334,105.37973661425089,0.6857037345568339,0.04170842854737697,0.5541654030481974,0.04500390729607849,0.5965030387667328,0.077218357717092,0.3074467380841573,0.150159324762963,0.3074467380841573,0.150159324762963
66,64,3,500,4,0.01,1.0,1.0,3.0,1.0,10.0,0.5,1.0,50,,,,,278.3333333333333,141.76114496653244,0.6844695210456848,0.04391207652867493,0.5462859272956848,0.04282672967381755,0.5626184098090652,0.1338252504023883,0.3068117101987203,0.16395675407572868,0.3068117101987203,0.16395675407572868
67,226,3,1200,4,0.01,0.6,0.8,3.0,0.01,1.0,0.0,1.0,100,,,,,209.33333333333334,38.23029630483598,0.6868231097857157,0.040133349608949036,0.5495511988798777,0.04305926397363189,0.5796389826098381,0.09564698117146571,0.3066890239715576,0.1425145210591717,0.3066890239715576,0.1425145210591717
68,33,3,1200,5,0.03,1.0,0.8,10.0,1.0,1.0,0.5,1.0,100,,,,,66.0,37.532208390483326,0.6861244042714437,0.03903187355365591,0.5500750243663788,0.04173563700284067,0.5705726065849787,0.10852650109261687,0.3066779573758443,0.14763351920535805,0.3066779573758443,0.14763351920535805
69,23,3,500,3,0.05,1.0,0.8,1.0,0.1,1.0,0.0,0.0,100,,,,,73.0,54.62600113499065,0.6862821380297343,0.03277664883693996,0.5537707408269247,0.041374094269053086,0.5894167253391204,0.08016141217491067,0.3066668113072713,0.14128394342648357,0.3066668113072713,0.14128394342648357
70,116,3,500,4,0.01,1.0,1.0,10.0,0.0,3.0,0.0,0.0,50,,,,,198.33333333333334,55.222781128403476,0.6846974094708761,0.0463808313999119,0.5494589408238729,0.04123088561691914,0.5663092944596669,0.1305840484550643,0.30636831124623615,0.16630293168152385,0.30636831124623615,0.16630293168152385
71,117,3,1600,2,0.1,0.8,0.8,3.0,1.0,3.0,0.1,1.0,50,,,,,35.333333333333336,8.73053390247253,0.6851258873939514,0.04366714520596392,0.5484666228294373,0.042994132276979964,0.5858169140512469,0.09426264947221452,0.3060871164004008,0.16178606256417638,0.3060871164004008,0.16178606256417638
72,243,3,1600,2,0.01,0.8,0.8,3.0,0.0,10.0,0.1,0.0,100,,,,,508.0,199.52109328756862,0.6842894752820333,0.04398668511384064,0.5508472720781962,0.04537516884692412,0.5882541483062128,0.09933904149554995,0.3060757517814636,0.16780070014426274,0.3060757517814636,0.16780070014426274
73,63,3,1200,3,0.01,0.6,0.8,5.0,0.01,1.0,0.0,0.0,50,,,,,246.66666666666666,65.99663291074444,0.6854931513468424,0.04672828405315662,0.548873504002889,0.045731372406457756,0.5835730853082909,0.10110328523657568,0.30599498748779297,0.16231899786540605,0.30599498748779297,0.16231899786540605
74,62,3,1600,5,0.01,0.6,0.8,3.0,0.1,3.0,0.5,0.0,50,,,,,231.33333333333334,85.17172196346756,0.6871761480967203,0.042941455794490886,0.5511691073576609,0.04112528174140955,0.5692263493911814,0.10974422239984988,0.3057645559310913,0.1461217596636377,0.3057645559310913,0.1461217596636377
75,122,3,1600,2,0.1,0.8,0.8,3.0,0.01,10.0,0.5,1.0,50,,,,,50.0,24.34474618201362,0.6836984356244405,0.05281229862901744,0.551054040590922,0.052141655943840855,0.5955665162760903,0.09735553553106235,0.30574264129002887,0.1812808406177322,0.30574264129002887,0.1812808406177322
76,234,3,1600,2,0.05,0.6,1.0,5.0,0.0,3.0,0.5,0.0,100,,,,,104.0,48.11098280711657,0.6842143932978312,0.043425095207377064,0.555301566918691,0.043033016523465834,0.5926802582671108,0.09393842950256641,0.30572309096654254,0.16893006602253002,0.30572309096654254,0.16893006602253002
77,7,3,800,3,0.01,0.8,0.8,10.0,1.0,5.0,0.5,1.0,50,,,,,235.33333333333334,88.54502934790989,0.6844956080118815,0.04946968741218956,0.545520027478536,0.044343571398345515,0.5631316001881116,0.1346796551342647,0.30570507049560547,0.17300505253573853,0.30570507049560547,0.17300505253573853
78,183,3,500,5,0.01,1.0,0.8,1.0,0.01,5.0,0.5,1.0,50,,,,,234.0,85.84093817443205,0.6875354448954264,0.04001622219708082,0.5493745307127634,0.040958024872343984,0.5727964373810707,0.10135279033246616,0.3056171735127767,0.1409568399688393,0.3056171735127767,0.1409568399688393
79,24,3,800,2,0.03,1.0,0.6,3.0,0.01,3.0,0.1,0.0,100,,,,,170.0,91.67696911802149,0.6852706670761108,0.04161935605316034,0.5530517299969991,0.04480117153839046,0.5921957555670844,0.08733852869380415,0.30559927225112915,0.1607077802678599,0.30559927225112915,0.1607077802678599
80,230,3,800,4,0.1,1.0,0.8,1.0,0.01,5.0,0.5,1.0,100,,,,,18.666666666666668,10.338708279513881,0.6856759985287985,0.035722722354917635,0.5439186990261078,0.042128524566499785,0.5660864772274086,0.11830327397434022,0.3055992325146993,0.15275704374656837,0.3055992325146993,0.15275704374656837
81,176,3,500,2,0.03,0.8,0.8,1.0,0.01,3.0,0.0,0.0,100,,,,,153.0,68.19579654690358,0.685991366704305,0.04327435695754511,0.5519882241884867,0.04566874950251728,0.5932845141174158,0.08671512658315643,0.30527828137079877,0.15817032423961172,0.30527828137079877,0.15817032423961172
82,94,3,500,4,0.03,1.0,0.6,5.0,1.0,3.0,0.5,1.0,50,,,,,74.0,27.067816067549053,0.6871964335441589,0.044102658169583725,0.5487797856330872,0.04198233525298851,0.5666149866284387,0.1157901856043347,0.3051775296529134,0.14964468248245383,0.3051775296529134,0.14964468248245383
83,100,3,1600,3,0.01,0.8,1.0,5.0,0.1,5.0,0.1,1.0,100,,,,,305.0,61.87622052668267,0.6854234933853149,0.039923271228044746,0.5518308480580648,0.03963584690617381,0.5833182743623381,0.10334014064174428,0.30460665623346966,0.1617271422945323,0.30460665623346966,0.1617271422945323
84,109,3,800,5,0.03,0.8,0.8,10.0,1.0,10.0,0.1,1.0,50,,,,,98.33333333333333,51.14901975817545,0.6866492430369059,0.044470820308588094,0.551178495089213,0.04518611005898434,0.5670200674329084,0.12043039354654264,0.30457446972529095,0.1570238902110526,0.30457446972529095,0.1570238902110526
85,103,3,1600,2,0.03,0.8,0.8,5.0,0.0,5.0,0.5,0.0,50,,,,,180.0,76.4591394144611,0.685410718123118,0.0478746146044059,0.553293248017629,0.049510240426898465,0.5956341289058943,0.0906513865244698,0.3044719298680623,0.16965498911072774,0.3044719298680623,0.16965498911072774
86,134,3,1600,2,0.01,0.8,1.0,3.0,1.0,10.0,0.5,1.0,100,,,,,467.3333333333333,132.51498867004526,0.6844316522280375,0.046706095703177464,0.5501101613044739,0.04295463645412327,0.5847001911712914,0.10706525116731065,0.30433499813079834,0.1752005621586713,0.30433499813079834,0.1752005621586713
87,111,3,1200,4,0.05,0.8,0.8,5.0,0.01,1.0,0.0,0.0,50,,,,,28.666666666666668,10.530379332620875,0.6882165471712748,0.04000114411307346,0.5508961975574493,0.038133110654896725,0.5728321265129045,0.09976856875690579,0.3042466839154561,0.14116004859150247,0.3042466839154561,0.14116004859150247
88,17,3,800,3,0.03,0.8,0.6,5.0,0.0,1.0,0.5,1.0,50,,,,,124.66666666666667,64.31346843564124,0.6879730025927225,0.04067414547441845,0.5540590584278107,0.04676589107053239,0.5903436692460996,0.07803856259384871,0.3040161927541097,0.14500889897536418,0.3040161927541097,0.14500889897536418
89,171,3,1600,2,0.03,1.0,0.8,1.0,0.1,1.0,0.5,1.0,100,,,,,132.33333333333334,68.90250761442253,0.6871910889943441,0.041725072802292526,0.5539976358413696,0.04213218225930306,0.5925043219814315,0.08163098972867386,0.30375969409942627,0.15359015668352408,0.30375969409942627,0.15359015668352408
90,223,3,1600,2,0.05,0.8,0.6,1.0,0.01,10.0,0.1,0.0,50,,,,,105.0,45.51922670696417,0.6852053999900818,0.049331367376633475,0.5498721400896708,0.052404398470559346,0.5898345585163554,0.10062236843716317,0.30368077754974365,0.17515682734780258,0.30368077754974365,0.17515682734780258
91,49,3,500,5,0.1,0.6,1.0,10.0,0.1,10.0,0.5,1.0,50,,,,,33.0,6.377042156569663,0.6875037749608358,0.02794618191338382,0.5572192668914795,0.029211849410986798,0.5722169109383954,0.1006200004319667,0.3036452333132426,0.14064222058102416,0.3036452333132426,0.14064222058102416
92,162,3,500,3,0.05,0.6,0.8,10.0,1.0,5.0,0.5,0.0,100,,,,,76.33333333333333,44.72384400096018,0.6852080027262369,0.04552354573968064,0.5531741182009379,0.042194932385229325,0.5627811708609364,0.13211652943732144,0.3035748402277629,0.1717733730159529,0.3035748402277629,0.1717733730159529
93,210,3,1200,4,0.03,1.0,0.8,10.0,0.01,1.0,0.0,1.0,100,,,,,60.333333333333336,15.627610892974722,0.6885417501131693,0.0491604660978192,0.5516148408253988,0.04152543268267026,0.5653035923337165,0.11505389672313872,0.30343830585479736,0.15048070173578484,0.30343830585479736,0.15048070173578484
94,50,3,1600,2,0.03,0.6,0.8,1.0,0.01,10.0,0.0,0.0,100,,,,,168.0,59.200225224796796,0.6855332255363464,0.04130454063783776,0.5529422163963318,0.045228929853297774,0.5926216968921177,0.09611680571692943,0.3033894896507263,0.1664140665544117,0.3033894896507263,0.1664140665544117
95,21,3,1200,2,0.05,1.0,1.0,1.0,0.0,1.0,0.1,0.0,50,,,,,85.66666666666667,35.55590277608237,0.6870621840159098,0.0384936376041322,0.5538233717282613,0.038733957890924216,0.5910923903085664,0.08445788656247101,0.30315109093983966,0.15421515624762716,0.30315109093983966,0.15421515624762716
96,222,3,1200,2,0.01,0.6,0.6,5.0,0.0,10.0,0.1,0.0,50,,,,,345.6666666666667,178.93450074134824,0.6848126649856567,0.05232772259276955,0.5465641617774963,0.04880628286682359,0.5635863779121446,0.1373262635008504,0.30265627304712933,0.18384779527519518,0.30265627304712933,0.18384779527519518
97,113,3,500,5,0.1,0.6,1.0,5.0,0.0,1.0,0.1,1.0,50,,,,,24.333333333333332,11.897712198383164,0.688897947470347,0.04935927332055826,0.5593894918759664,0.03658161714211723,0.5649274005641454,0.11952003654634627,0.3025078574816386,0.1517707613727441,0.3025078574816386,0.1517707613727441
98,9,3,1200,3,0.01,0.6,0.8,1.0,0.0,3.0,0.1,0.0,50,,,,,277.0,73.78798456840155,0.6875313917795817,0.04353501980408805,0.5502817928791046,0.0467378843538295,0.5814929133359789,0.09935647469312445,0.30248475074768066,0.15772837170530982,0.30248475074768066,0.15772837170530982
99,165,3,800,2,0.1,1.0,0.6,10.0,0.0,5.0,0.0,1.0,100,,,,,59.666666666666664,29.10135544762286,0.6863810817400614,0.05292946201796407,0.5520563820997874,0.05088242072053648,0.5868673755970655,0.10228032942889882,0.30245010058085126,0.17526532857755697,0.30245010058085126,0.17526532857755697
100,192,3,1200,5,0.1,0.8,1.0,10.0,0.0,5.0,0.5,1.0,50,,,,,22.333333333333332,12.47219128924647,0.6864230036735535,0.052465963359748,0.5492541988690695,0.05033173850303064,0.558091701491716,0.14245204869773473,0.30240772167841595,0.1746617682027818,0.30240772167841595,0.1746617682027818
101,12,3,500,2,0.03,0.6,1.0,1.0,1.0,10.0,0.5,0.0,50,,,,,144.66666666666666,20.499322482029065,0.6849437554677328,0.046683196875848404,0.550047755241394,0.04622588373549025,0.5809560963391741,0.11583389336424,0.3024076620737712,0.17811336845776693,0.3024076620737712,0.17811336845776693
102,253,3,1600,3,0.01,0.8,1.0,1.0,0.1,5.0,0.5,1.0,50,,,,,283.0,83.55038400071341,0.6865304509798685,0.04032791146733115,0.5508080919583639,0.0418109879401468,0.5805086461564986,0.1036337463430095,0.30237656831741333,0.16248673709357714,0.30237656831741333,0.16248673709357714
103,255,3,800,4,0.03,1.0,0.6,5.0,0.1,5.0,0.5,1.0,100,,,,,69.66666666666667,31.169785940162562,0.6884064277013143,0.04046605690706054,0.5507228374481201,0.0401360888196838,0.5617017831922598,0.11734256526252385,0.3022009531656901,0.1491368351017313,0.3022009531656901,0.1491368351017313
104,119,3,1200,3,0.03,0.8,0.6,3.0,0.1,10.0,0.1,1.0,50,,,,,110.33333333333333,36.527006751473934,0.6876997351646423,0.041185977597536096,0.5477725267410278,0.04510917113337342,0.5795627096176653,0.09979831946831202,0.30182357629140216,0.15694324189596684,0.30182357629140216,0.15694324189596684
105,69,3,1200,5,0.03,1.0,0.8,10.0,0.1,1.0,0.5,0.0,100,,,,,56.666666666666664,31.668421004036322,0.6878935694694519,0.04422440056100912,0.5502316157023112,0.045606559358097924,0.5655430715588617,0.11875470226612443,0.3018198808034261,0.15822597504036603,0.3018198808034261,0.15822597504036603
106,115,3,800,5,0.1,1.0,0.6,1.0,0.01,10.0,0.5,1.0,50,,,,,23.0,10.03327796219494,0.6902629137039185,0.04143109781145739,0.5479195713996887,0.04166257452233272,0.5556224479389902,0.11115418454469198,0.3016962806383769,0.1353333456775315,0.3016962806383769,0.1353333456775315
107,138,3,1200,4,0.03,1.0,0.8,10.0,0.01,3.0,0.1,1.0,100,,,,,62.0,17.107503227141788,0.6882992386817932,0.047181202856094874,0.5515340467294058,0.04416691303509464,0.564796143428965,0.12199356706772327,0.30163776874542236,0.15854273832993837,0.30163776874542236,0.15854273832993837
108,56,3,1200,3,0.01,0.6,0.8,3.0,1.0,5.0,0.5,0.0,50,,,,,243.33333333333334,56.84090858606052,0.6876122752825419,0.0451690699071284,0.5495297312736511,0.04407523809360828,0.5636586704279941,0.12448957464618485,0.3013802369435628,0.1629347652370393,0.3013802369435628,0.1629347652370393
109,151,3,1600,4,0.05,0.6,0.8,3.0,0.0,3.0,0.5,0.0,100,,,,,70.0,45.28428719397785,0.6897060871124268,0.039329846342722324,0.5563328862190247,0.0327412244906591,0.5704897509605249,0.09914174414355821,0.30133726199467975,0.14060903139285572,0.30133726199467975,0.14060903139285572
110,248,3,500,3,0.03,0.8,0.6,5.0,0.1,1.0,0.5,1.0,50,,,,,131.66666666666666,68.51925925525529,0.6895028551419576,0.04132517370501836,0.5548325777053833,0.04682522689952751,0.5872942779245438,0.07995301082302655,0.3013315399487813,0.1442536838906586,0.3013315399487813,0.1442536838906586
111,152,3,1200,5,0.05,0.6,0.8,5.0,0.01,10.0,0.5,0.0,100,,,,,112.66666666666667,29.465610840812758,0.6886075139045715,0.03243320431147176,0.5579679210980734,0.034573143594661626,0.5839429948540698,0.09024576001647254,0.30119138956069946,0.14518768051458403,0.30119138956069946,0.14518768051458403
112,245,3,1200,4,0.01,0.6,1.0,5.0,0.01,5.0,0.1,1.0,100,,,,,256.0,41.960298696108765,0.6893412272135416,0.03791501640248988,0.5535735487937927,0.038683301965752474,0.5753174603113586,0.0998782385347695,0.30110422770182294,0.14376636314566435,0.30110422770182294,0.14376636314566435
113,240,3,1600,3,0.05,1.0,1.0,1.0,0.1,1.0,0.1,0.0,50,,,,,74.33333333333333,54.46915538989832,0.6900162498156229,0.02799378498842869,0.5537083943684896,0.03831414287007368,0.5820124637855972,0.07671805674179247,0.30098090569178265,0.13050510868343967,0.30098090569178265,0.13050510868343967
114,125,3,500,2,0.01,0.8,0.8,1.0,1.0,10.0,0.0,1.0,100,,,,,407.6666666666667,126.34696496376775,0.6863306562105814,0.048630591647051816,0.5485340158144633,0.04539673510011621,0.5789150304315903,0.11116851622298947,0.30080238978068036,0.17688855147026927,0.30080238978068036,0.17688855147026927
115,199,3,500,2,0.05,1.0,0.8,1.0,1.0,5.0,0.0,0.0,50,,,,,92.33333333333333,36.444783196257625,0.6869577964146932,0.05061939366950845,0.5529307325681051,0.046723823746840844,0.5863026155761487,0.10085318732603729,0.3006875316301982,0.17526717547873363,0.3006875316301982,0.17526717547873363
116,5,3,500,3,0.05,0.6,0.8,5.0,0.0,3.0,0.0,0.0,50,,,,,74.33333333333333,42.444735310230826,0.6893625855445862,0.03584293743260121,0.5562123854955038,0.0391311285551603,0.5852728324930364,0.08521230445942402,0.3005567193031311,0.14430081372395237,0.3005567193031311,0.14430081372395237
117,154,3,1200,5,0.03,1.0,1.0,1.0,0.0,5.0,0.5,0.0,50,,,,,74.33333333333333,31.478387647541428,0.6886987288792928,0.04150705284583919,0.5538655519485474,0.036930193685579996,0.5673279864673084,0.1152886588644249,0.30049794912338257,0.15482062916885175,0.30049794912338257,0.15482062916885175
118,232,3,1600,5,0.03,1.0,1.0,1.0,0.0,5.0,0.5,0.0,100,,,,,74.33333333333333,31.478387647541428,0.6886987288792928,0.04150705284583919,0.5538655519485474,0.036930193685579996,0.5673279864673084,0.1152886588644249,0.30049794912338257,0.15482062916885175,0.30049794912338257,0.15482062916885175
119,203,3,500,4,0.1,1.0,0.6,1.0,0.01,3.0,0.5,1.0,100,,,,,20.333333333333332,6.342099196813483,0.6901453336079916,0.036943420996315084,0.5490011473496755,0.03799507022311386,0.5654762914381127,0.10084253181034453,0.3004749615987142,0.13859457224737218,0.3004749615987142,0.13859457224737218
120,20,3,1600,2,0.05,1.0,1.0,10.0,0.01,1.0,0.5,0.0,100,,,,,76.33333333333333,34.74030640177039,0.6875512599945068,0.04496323238552746,0.5534321665763855,0.045857982066321516,0.5903142701813785,0.08974783922495307,0.300344983736674,0.16699020642529633,0.300344983736674,0.16699020642529633
121,229,3,1600,2,0.05,0.8,0.6,1.0,1.0,10.0,0.0,1.0,100,,,,,126.33333333333333,55.960303390488825,0.6864808003107706,0.05010119896615144,0.5541541079680125,0.05256615870197888,0.5879609582984201,0.1032013849571276,0.3001363277435303,0.17958303021224814,0.3001363277435303,0.17958303021224814
122,191,3,1200,2,0.01,0.6,0.6,1.0,0.0,10.0,0.0,1.0,50,,,,,345.6666666666667,178.93450074134824,0.6861127614974976,0.05158862060526331,0.5474775036176046,0.048357286300573656,0.5609622144408032,0.13747057998897455,0.30004390080769855,0.18355966303029256,0.30004390080769855,0.18355966303029256
123,118,3,1200,4,0.01,0.6,1.0,1.0,0.1,3.0,0.1,0.0,100,,,,,251.33333333333334,100.30730559413685,0.6904774109522501,0.03380999931715321,0.5516994098822275,0.04129489750582377,0.5722921864955922,0.09593996814252859,0.2999842365582784,0.13528044018188765,0.2999842365582784,0.13528044018188765
124,108,3,800,5,0.03,1.0,0.8,5.0,1.0,3.0,0.1,0.0,50,,,,,91.0,50.61620293937506,0.6913816531499227,0.04152867058717413,0.5580618580182394,0.03982772677462971,0.5656158379679891,0.10466299874020989,0.2993142207463582,0.1363964946379374,0.2993142207463582,0.1363964946379374
125,231,3,1200,2,0.1,0.8,0.8,10.0,1.0,1.0,0.5,0.0,50,,,,,51.333333333333336,20.237478982214054,0.6877484917640686,0.05102178940933065,0.5548746983210245,0.05062332704557129,0.5890226028798214,0.0961161029820016,0.2992870807647705,0.1752845320894245,0.2992870807647705,0.1752845320894245
126,101,3,500,4,0.01,0.6,0.6,5.0,1.0,5.0,0.0,1.0,50,,,,,319.6666666666667,73.9564436378302,0.6906657814979553,0.04165494519710061,0.5556366741657257,0.04444758910299151,0.5773498171672785,0.09545125562680133,0.2991577386856079,0.14411284809058605,0.2991577386856079,0.14411284809058605
127,15,3,1200,4,0.01,0.8,0.6,5.0,0.1,5.0,0.0,1.0,100,,,,,236.66666666666666,78.24037036949375,0.6911578377087911,0.04211823873729744,0.5561686356862386,0.04155710529185533,0.5651724884701544,0.10631819502361302,0.29911601543426514,0.1401198483424597,0.29911601543426514,0.1401198483424597
128,44,3,800,5,0.01,0.8,0.8,5.0,0.01,5.0,0.0,0.0,50,,,,,246.33333333333334,68.34390162178985,0.6912758350372314,0.03868287833187731,0.5562021136283875,0.039181670713924824,0.5694573606878032,0.10115808717918115,0.29908883571624756,0.13604730056759487,0.29908883571624756,0.13604730056759487
129,47,3,1600,2,0.03,1.0,1.0,3.0,0.01,3.0,0.1,1.0,100,,,,,137.0,56.85654462475421,0.6884983579317728,0.04118802327203316,0.5551220774650574,0.040853481478462406,0.5855571272064287,0.09168445684176406,0.29905617237091064,0.16161284051621574,0.29905617237091064,0.16161284051621574
130,169,3,800,2,0.1,1.0,1.0,10.0,0.01,5.0,0.5,0.0,50,,,,,44.666666666666664,18.926759422104517,0.6872506141662598,0.049703667632856864,0.5531895359357198,0.04870520717192327,0.5908053671219196,0.09613170988635439,0.2990204095840454,0.17806814982357844,0.2990204095840454,0.17806814982357844
131,179,3,1200,3,0.05,1.0,0.8,5.0,1.0,1.0,0.1,1.0,50,,,,,57.0,24.055491403558285,0.6903688907623291,0.03903870754980374,0.5537421107292175,0.044401421173162876,0.5811667723002443,0.08466312680642167,0.29894612232844037,0.14543462378551902,0.29894612232844037,0.14543462378551902
132,14,3,800,2,0.05,0.8,0.8,1.0,0.0,3.0,0.0,0.0,50,,,,,99.33333333333333,50.97275960964074,0.6898492574691772,0.04220726664833444,0.5577333768208822,0.04531934241409429,0.5938585911926952,0.07631046855397189,0.2988063891728719,0.15322334578813898,0.2988063891728719,0.15322334578813898
133,170,3,1200,5,0.03,0.6,0.6,3.0,1.0,10.0,0.1,1.0,50,,,,,177.66666666666666,114.35714037853323,0.6914217869440714,0.04059113585481169,0.5565665562947592,0.04065398474174988,0.5666052404809813,0.10234256571201446,0.2987945278485616,0.1377737833902163,0.2987945278485616,0.1377737833902163
134,228,3,1600,3,0.03,0.6,1.0,3.0,1.0,10.0,0.0,1.0,100,,,,,116.33333333333333,25.952948879762307,0.6898546814918518,0.028790316048295312,0.5517427126566569,0.03725358554699034,0.5729013536458771,0.09857749102581813,0.2987561821937561,0.14261876359049647,0.2987561821937561,0.14261876359049647
135,86,3,500,2,0.05,0.8,1.0,10.0,1.0,5.0,0.0,0.0,50,,,,,108.0,40.00833246545858,0.6873300671577454,0.053423479983293234,0.5521272023518881,0.05302745499273566,0.5892217124284461,0.10095726755750964,0.2986014286677043,0.18273594974210344,0.2986014286677043,0.18273594974210344
136,60,3,800,5,0.01,0.8,1.0,3.0,1.0,3.0,0.5,0.0,50,,,,,267.0,140.81429851640303,0.6895849903424581,0.0346458104799081,0.5510581930478414,0.03690617536975078,0.5616731779382867,0.11250180530712749,0.29859787225723267,0.1497808709112632,0.29859787225723267,0.1497808709112632
137,127,3,1600,2,0.01,0.8,0.8,10.0,0.1,1.0,0.5,0.0,50,,,,,249.0,127.94009014639104,0.6874115467071533,0.055984547891484375,0.5494287312030792,0.04656640250775918,0.5589210786061716,0.1411912765799226,0.2983692487080892,0.18566402386841335,0.2983692487080892,0.18566402386841335
138,173,3,800,4,0.05,1.0,0.6,5.0,1.0,1.0,0.1,0.0,100,,,,,45.0,23.930454794396756,0.690418561299642,0.0461464891753993,0.5523906548817953,0.04435708009500111,0.5598376796135228,0.12217227587414353,0.2982463637987773,0.154519033394364,0.2982463637987773,0.154519033394364
139,74,3,1200,3,0.01,0.8,0.6,3.0,1.0,10.0,0.1,0.0,100,,,,,308.6666666666667,124.92753455059012,0.6891218622525533,0.045668441603643146,0.5509065985679626,0.04610343519892087,0.5611957019919463,0.12471043742562513,0.2980316678682963,0.16507561944349106,0.2980316678682963,0.16507561944349106
140,93,3,1600,5,0.03,0.8,0.6,5.0,1.0,3.0,0.0,1.0,50,,,,,77.66666666666667,30.00370347510824,0.6924563447634379,0.04036152066013296,0.5573166807492574,0.04396663681099089,0.5671616171726266,0.0983495018869562,0.2977193792661031,0.1326682312902147,0.2977193792661031,0.1326682312902147
141,140,3,500,4,0.03,1.0,0.8,10.0,0.01,3.0,0.0,1.0,50,,,,,83.0,36.88721549082645,0.6906070113182068,0.04718597712433581,0.5542416870594025,0.0435986015436769,0.563886367453509,0.12030160238272752,0.29686323801676434,0.15980745272794297,0.29686323801676434,0.15980745272794297
142,25,3,1200,4,0.01,1.0,0.6,5.0,0.1,3.0,0.0,1.0,100,,,,,217.33333333333334,92.67266167658195,0.6924163301785787,0.037319524825068534,0.5533978343009949,0.03668633149019952,0.559224005246001,0.1038378840679912,0.29670844475428265,0.1355953818865362,0.29670844475428265,0.1355953818865362
143,202,3,1600,2,0.05,1.0,0.8,5.0,1.0,10.0,0.1,1.0,100,,,,,104.0,41.66533331199932,0.6892520984013876,0.04947233587160571,0.5531778136889139,0.046501166114552434,0.581798095967098,0.10198429340221572,0.29654834667841595,0.1732408892092863,0.29654834667841595,0.1732408892092863
144,142,3,1600,2,0.05,0.6,0.8,3.0,0.1,10.0,0.1,0.0,50,,,,,90.0,32.69046751985457,0.6873258948326111,0.04675735957941947,0.5521036783854166,0.04350787864386162,0.5715195841269527,0.12370248478111517,0.29654274384180707,0.1821578747808054,0.29654274384180707,0.1821578747808054
145,104,3,1200,4,0.1,0.8,1.0,10.0,1.0,5.0,0.1,1.0,50,,,,,36.666666666666664,3.8586123009300755,0.6886266271273295,0.045716293518915575,0.5569852590560913,0.04266276351542561,0.5800109658474067,0.11219213772084098,0.29643426338831586,0.17402678272638836,0.29643426338831586,0.17402678272638836
146,57,3,800,5,0.03,0.6,1.0,3.0,1.0,1.0,0.0,1.0,100,,,,,81.66666666666667,42.59368758656877,0.6925147374471029,0.030249852219116614,0.5598978996276855,0.0302177908439811,0.5699230090780428,0.09914750700830231,0.2962915897369385,0.13109278246376804,0.2962915897369385,0.13109278246376804
147,91,3,1600,3,0.05,1.0,0.8,3.0,0.1,1.0,0.1,1.0,50,,,,,53.333333333333336,24.608038433722335,0.6917342742284139,0.03439185902791885,0.5582381288210551,0.042959616125675705,0.5809931935029218,0.07991351016848548,0.29606807231903076,0.14255275027739628,0.29606807231903076,0.14255275027739628
148,185,3,500,3,0.03,0.8,0.8,3.0,1.0,5.0,0.1,1.0,50,,,,,112.33333333333333,24.904261125803796,0.6903744538625082,0.04026065143157418,0.5545969605445862,0.041469992845166566,0.5798059856517336,0.09985051619381863,0.2959356705347697,0.15893306331239979,0.2959356705347697,0.15893306331239979
149,177,3,500,3,0.03,0.8,1.0,3.0,1.0,5.0,0.5,0.0,50,,,,,84.66666666666667,42.08193066969348,0.6886420051256815,0.045613091397387284,0.5480563441912333,0.04519657135500997,0.5569345407855427,0.13450721536079907,0.29584882656733197,0.17570376009987293,0.29584882656733197,0.17570376009987293
150,88,3,800,2,0.1,0.8,1.0,1.0,1.0,5.0,0.0,0.0,50,,,,,22.333333333333332,13.59738536958076,0.6887507836023966,0.050786952892703144,0.548225204149882,0.04647930870168221,0.5520659327159395,0.1427547016996669,0.29552743832270306,0.18121552654788278,0.29552743832270306,0.18121552654788278
151,3,3,800,5,0.1,1.0,0.8,5.0,0.01,5.0,0.0,1.0,50,,,,,22.666666666666668,8.806563209081938,0.6927661101023356,0.0371429653425882,0.5585007270177206,0.04094596724149505,0.5609143557564578,0.10449656305880471,0.2955087622006734,0.13797940707041512,0.2955087622006734,0.13797940707041512
152,51,3,1600,5,0.1,1.0,0.6,5.0,0.1,1.0,0.1,1.0,100,,,,,20.333333333333332,4.0276819911981905,0.6942158341407776,0.039993243996691706,0.5559023519357046,0.042472181061184965,0.5698425714708644,0.0840140864462913,0.29524852832158405,0.12690817123915002,0.29524852832158405,0.12690817123915002
153,227,3,1600,2,0.05,0.8,0.8,3.0,0.1,10.0,0.0,0.0,100,,,,,99.0,42.80186911806539,0.6900474230448405,0.04777136422553671,0.5535954733689626,0.05192785823027633,0.581850539853121,0.09785965454670266,0.2952272295951843,0.17083781418286223,0.2952272295951843,0.17083781418286223
154,254,3,500,3,0.01,0.8,0.6,1.0,0.01,5.0,0.1,1.0,100,,,,,212.66666666666666,89.07050889916121,0.6908870140711466,0.04456990683704689,0.5504308640956879,0.04388912916672152,0.5556601749357146,0.12652083990996882,0.295174499352773,0.16194292724233886,0.295174499352773,0.16194292724233886
155,102,3,500,5,0.05,1.0,1.0,5.0,1.0,3.0,0.5,1.0,50,,,,,45.333333333333336,20.417857108151406,0.691495398680369,0.039484232878314734,0.5552144050598145,0.037463600234705734,0.5624189112307022,0.11151832490555756,0.29507726430892944,0.15303892833390195,0.29507726430892944,0.15303892833390195
156,87,3,800,3,0.1,0.6,0.8,3.0,0.01,10.0,0.5,1.0,100,,,,,28.0,10.614455552060438,0.692169189453125,0.027965026198367403,0.5557598272959391,0.027428610556972325,0.5545026814153983,0.10843398762398933,0.294813334941864,0.13962144559361028,0.294813334941864,0.13962144559361028
157,82,3,800,5,0.1,1.0,0.6,3.0,0.1,10.0,0.5,0.0,100,,,,,21.0,9.201449161228174,0.6936654647191366,0.04155008980889234,0.5553115804990133,0.04475188809442124,0.5501153370585429,0.11390740149507235,0.2947293718655904,0.13692857432304104,0.2947293718655904,0.13692857432304104
158,61,3,1200,2,0.05,1.0,1.0,5.0,0.1,10.0,0.5,0.0,50,,,,,149.33333333333334,97.74911195959218,0.6903369228045145,0.04886509143964561,0.5551539659500122,0.045397224855199,0.5808545771391082,0.10015958746400656,0.2947043776512146,0.17178196949179755,0.2947043776512146,0.17178196949179755
159,147,3,800,3,0.03,0.6,0.8,1.0,0.01,10.0,0.1,0.0,100,,,,,101.33333333333333,27.378012264508094,0.6915406386057535,0.031032652357088526,0.5515292882919312,0.037058045230294955,0.5684453817739695,0.10200091777052733,0.2946889400482178,0.14749209153250015,0.2946889400482178,0.14749209153250015
160,106,3,1600,5,0.1,0.8,0.8,5.0,0.1,1.0,0.1,0.0,100,,,,,18.333333333333332,10.338708279513881,0.691727876663208,0.042378624566172536,0.5511739055315653,0.039785238913888306,0.5645202426364024,0.11101336483151089,0.2943418622016907,0.15676056521350923,0.2943418622016907,0.15676056521350923
161,38,3,1600,2,0.03,1.0,1.0,10.0,1.0,1.0,0.1,1.0,100,,,,,143.66666666666666,59.33146064460425,0.6904123425483704,0.045578798522617356,0.5561834573745728,0.04571498638565133,0.5871754697597305,0.0924129212353444,0.29389357566833496,0.17095498735689751,0.29389357566833496,0.17095498735689751
162,132,3,500,3,0.03,1.0,0.6,3.0,0.1,1.0,0.0,1.0,100,,,,,139.66666666666666,88.46970605178299,0.6939282417297363,0.0312958121785104,0.5592629909515381,0.039540331938488764,0.5805219913091336,0.07265839209950985,0.2938702305157979,0.13006065670961042,0.2938702305157979,0.13006065670961042
163,237,3,1200,2,0.01,0.8,0.6,1.0,0.1,1.0,0.5,0.0,50,,,,,214.0,88.41945487278238,0.6899717052777609,0.051532832498235356,0.550299068291982,0.043735715690056305,0.5543194162176903,0.13585976335474131,0.29380548000335693,0.17999283562334378,0.29380548000335693,0.17999283562334378
164,81,3,500,4,0.05,0.6,1.0,5.0,0.0,3.0,0.0,1.0,100,,,,,47.0,5.715476066494082,0.6919829845428467,0.03546762679490892,0.5609737038612366,0.034475638683332706,0.5727506766447376,0.10968300018345647,0.2937477231025696,0.15123871520098175,0.2937477231025696,0.15123871520098175
165,186,3,500,4,0.05,0.8,1.0,5.0,1.0,5.0,0.1,0.0,50,,,,,69.0,32.341923257592455,0.6924887895584106,0.03643347517159119,0.5556425849596659,0.039664566351855376,0.571423711605907,0.10419250984630189,0.29373039801915485,0.14799503334904596,0.29373039801915485,0.14799503334904596
166,67,3,500,3,0.1,0.6,1.0,10.0,1.0,1.0,0.5,0.0,50,,,,,33.0,8.286535263104035,0.6919551889101664,0.03278304538071689,0.5586038827896118,0.02930586971330261,0.5704477631581438,0.10357578952984703,0.29324235518773395,0.1513597988002689,0.29324235518773395,0.1513597988002689
167,112,3,1600,2,0.03,1.0,1.0,5.0,0.0,10.0,0.1,0.0,100,,,,,180.33333333333334,75.58806490151441,0.6912664373715719,0.04602635996699587,0.5558441678682963,0.04406340812543623,0.5818041890887276,0.09651015910729906,0.29318708181381226,0.1680453890952423,0.29318708181381226,0.1680453890952423
168,66,3,1200,4,0.1,1.0,0.6,10.0,0.0,1.0,0.0,1.0,50,,,,,16.333333333333332,5.436502143433363,0.6931055188179016,0.03830614904092315,0.5579878687858582,0.041055634189523724,0.5559990556888781,0.10756765502222725,0.2931547959645589,0.14682148934752132,0.2931547959645589,0.14682148934752132
169,155,3,800,3,0.05,0.6,1.0,1.0,0.01,5.0,0.5,0.0,100,,,,,66.66666666666667,48.05783552715994,0.6924299995104471,0.03878318721927213,0.5582302610079447,0.03586159619758728,0.5585467254894355,0.11645053663950261,0.29315052429835003,0.15288535965150993,0.29315052429835003,0.15288535965150993
170,28,3,1200,3,0.05,0.8,1.0,1.0,0.1,3.0,0.0,0.0,50,,,,,46.666666666666664,4.027681991198191,0.691403349240621,0.04143913775935358,0.5530746777852377,0.04024298128957918,0.5769615983807116,0.10215787604434713,0.29309554894765216,0.1631705652319135,0.29309554894765216,0.1631705652319135
171,55,3,800,4,0.1,1.0,1.0,3.0,1.0,5.0,0.5,1.0,100,,,,,20.333333333333332,8.339997335464536,0.6911504666010538,0.03857186528311108,0.5535808205604553,0.036127190014401254,0.556610907852967,0.127161897908293,0.2928621768951416,0.16323462458273327,0.2928621768951416,0.16323462458273327
172,95,3,1600,5,0.05,0.8,0.6,5.0,0.1,3.0,0.1,1.0,50,,,,,45.666666666666664,23.697163449568293,0.6948731541633606,0.042178499557292935,0.5590323805809021,0.039324898442174606,0.5613967355253607,0.09893354772624098,0.2926657597223918,0.13588227124005148,0.2926657597223918,0.13588227124005148
173,48,3,1200,2,0.1,0.8,0.6,10.0,0.0,3.0,0.1,0.0,100,,,,,28.333333333333332,9.533566430716728,0.6901957988739014,0.05514568235198834,0.5505391756693522,0.046652386224990273,0.564225262226836,0.12728956144523554,0.2926069299379985,0.18626581521199848,0.2926069299379985,0.18626581521199848
174,121,3,800,3,0.1,1.0,0.6,3.0,1.0,3.0,0.5,1.0,50,,,,,32.333333333333336,13.199326582148887,0.69300909837087,0.04185956115095753,0.5558046499888102,0.04427067164980205,0.5761829261258448,0.09035311504654783,0.2924865484237671,0.15364297198610724,0.2924865484237671,0.15364297198610724
175,205,3,800,5,0.03,0.8,0.6,3.0,0.0,1.0,0.0,0.0,50,,,,,76.0,31.123410267299864,0.6944786906242371,0.0361710827370782,0.556251068909963,0.0394390502709912,0.5672490647806173,0.09175173178950863,0.2924183209737142,0.1358123604045184,0.2924183209737142,0.1358123604045184
176,221,3,1200,4,0.1,1.0,0.6,3.0,0.0,1.0,0.5,0.0,100,,,,,15.333333333333334,7.71722460186015,0.6957266330718994,0.03208923250977654,0.5551386475563049,0.03994825204383891,0.5553923713446772,0.08908073729854771,0.2923472325007121,0.1195685128174782,0.2923472325007121,0.1195685128174782
177,168,3,1600,4,0.05,1.0,0.6,3.0,1.0,1.0,0.1,0.0,100,,,,,46.0,25.468935326524086,0.6935529708862305,0.0324536741876428,0.5551482240358988,0.03704752834867109,0.5552381346292786,0.1121688893235234,0.29211926460266113,0.14280546831450894,0.29211926460266113,0.14280546831450894
178,190,3,500,2,0.05,0.8,0.6,3.0,1.0,3.0,0.0,1.0,50,,,,,81.33333333333333,43.62211467694899,0.6925786336263021,0.04888384581805521,0.5565220713615417,0.04950868130339227,0.5856808069700487,0.0918995056749329,0.29189489285151166,0.16605105942008155,0.29189489285151166,0.16605105942008155
179,29,3,1600,3,0.05,1.0,0.6,5.0,1.0,10.0,0.5,1.0,100,,,,,79.66666666666667,26.637484032009397,0.6922913988431295,0.051333205870052134,0.556095133225123,0.05096812187866297,0.5783520262802081,0.09997329567209105,0.29178253809611004,0.17105733907306914,0.29178253809611004,0.17105733907306914
180,256,3,1200,5,0.05,0.6,1.0,1.0,0.0,1.0,0.0,0.0,100,,,,,33.333333333333336,7.408703590297623,0.6926438808441162,0.03429359421080506,0.5571745236714681,0.031277774827886635,0.5643232849876834,0.12020492944990563,0.2916186451911926,0.15365064573834963,0.2916186451911926,0.15365064573834963
181,195,3,500,5,0.03,1.0,0.6,5.0,0.01,1.0,0.1,0.0,50,,,,,51.333333333333336,17.96910929592474,0.6957441965738932,0.038088540173883675,0.5592024326324463,0.0407011488431055,0.5626109348169402,0.09803492693120128,0.2911047140757243,0.13135648413345938,0.2911047140757243,0.13135648413345938
182,30,3,800,5,0.05,0.8,0.6,10.0,0.1,3.0,0.0,1.0,100,,,,,35.0,12.355835328567093,0.693656841913859,0.04353749148305186,0.5569851795832316,0.04009775949261021,0.5568198947032929,0.11855672874362556,0.29100950558980304,0.15606587518635873,0.29100950558980304,0.15606587518635873
183,159,3,800,5,0.05,0.6,0.6,3.0,0.01,5.0,0.1,0.0,100,,,,,74.66666666666667,29.847761874031505,0.6969873309135437,0.029532829571281838,0.5585154096285502,0.03350276786710039,0.5730407018375289,0.06895988586016563,0.2908766071001689,0.11125309406612609,0.2908766071001689,0.11125309406612609
184,83,3,500,4,0.01,0.6,0.8,3.0,1.0,5.0,0.1,1.0,100,,,,,268.3333333333333,92.92410284145276,0.6953949729601542,0.03566643780749768,0.5581410725911459,0.04085486910174749,0.561827125933693,0.09926072942857958,0.29077672958374023,0.1345723199241306,0.29077672958374023,0.1345723199241306
185,198,3,1200,4,0.1,0.8,0.6,3.0,0.0,10.0,0.0,0.0,100,,,,,41.666666666666664,19.601587237318874,0.6971948742866516,0.03134423220314111,0.5605519811312357,0.0377424884552949,0.5671417827015738,0.07840562234424953,0.29037803411483765,0.11324215072774833,0.29037803411483765,0.11324215072774833
186,184,3,1200,4,0.03,0.6,0.8,5.0,0.1,10.0,0.0,0.0,100,,,,,99.33333333333333,28.1701181317288,0.694389263788859,0.03092766102277923,0.5546396970748901,0.03645645008536506,0.5648683234646615,0.10252042677091854,0.2902102867762248,0.14286582599779432,0.2902102867762248,0.14286582599779432
187,35,3,1600,3,0.03,1.0,0.8,5.0,0.1,1.0,0.5,0.0,50,,,,,89.66666666666667,36.12324582438418,0.6946065624554952,0.04393239401430836,0.5579583446184794,0.04664210538962944,0.5717326502819138,0.09031216297585903,0.2901494900385539,0.1521249993475662,0.2901494900385539,0.1521249993475662
188,247,3,800,4,0.05,0.6,0.8,3.0,0.0,1.0,0.0,1.0,50,,,,,51.333333333333336,11.08552609887726,0.6971865296363831,0.03609577944410219,0.5650876561800638,0.035590893130603665,0.5784068767279812,0.06824832746102144,0.290030837059021,0.11951806793178453,0.290030837059021,0.11951806793178453
189,206,3,800,3,0.1,0.8,0.8,1.0,0.01,5.0,0.0,0.0,50,,,,,21.333333333333332,5.436502143433363,0.6939774552981058,0.04357260628396227,0.5514131585756937,0.04388287339553501,0.5571162936372902,0.1121754497269667,0.28990018367767334,0.15810835542861768,0.28990018367767334,0.15810835542861768
190,72,3,1600,2,0.05,1.0,1.0,1.0,0.01,10.0,0.5,0.0,50,,,,,100.0,42.00793575821915,0.6925927400588989,0.04697318802587618,0.558501660823822,0.04535136021357209,0.5788504288745181,0.09893194970622345,0.2894483208656311,0.17316494777349178,0.2894483208656311,0.17316494777349178
191,54,3,800,5,0.05,0.6,0.8,5.0,0.0,5.0,0.0,0.0,50,,,,,55.333333333333336,30.466739606039603,0.6974134842554728,0.03298362612011932,0.5624735554059347,0.032721883347486776,0.5594618072694468,0.09101440443940925,0.28924063841501874,0.1188771498438182,0.28924063841501874,0.1188771498438182
192,225,3,1200,3,0.01,1.0,0.6,10.0,0.01,10.0,0.5,1.0,100,,,,,220.33333333333334,105.2372979931017,0.6927173733711243,0.055580021786946106,0.55144003033638,0.050347872066913414,0.5397366102651219,0.1552923332614234,0.2890419165293376,0.18241221528887758,0.2890419165293376,0.18241221528887758
193,153,3,1200,4,0.05,0.8,0.8,1.0,0.0,5.0,0.5,0.0,100,,,,,62.666666666666664,37.74770044504551,0.6945675015449524,0.04368005022879481,0.5567514896392822,0.041545850360926014,0.5589764342448597,0.11424048827248731,0.289004385471344,0.1571500543722632,0.289004385471344,0.1571500543722632
194,143,3,1200,5,0.05,0.6,0.6,3.0,0.1,3.0,0.0,0.0,50,,,,,58.0,24.91318258807306,0.6974048415819804,0.03318395136157893,0.5662846167882284,0.03680861012034627,0.5641230402329094,0.089545475754859,0.2889464696248372,0.12087509639481712,0.2889464696248372,0.12087509639481712
195,43,3,500,4,0.05,0.8,1.0,1.0,0.1,1.0,0.0,0.0,50,,,,,33.666666666666664,13.474255287605157,0.6939654548962911,0.032041427153630085,0.5525594254334768,0.04064437023970834,0.5630740278575291,0.10679987368176559,0.28864453236262005,0.1534823547410166,0.28864453236262005,0.1534823547410166
196,178,3,800,4,0.1,1.0,1.0,5.0,1.0,1.0,0.5,0.0,100,,,,,22.333333333333332,9.177266598624136,0.6939406394958496,0.04453891214053543,0.557398239771525,0.042110410345230116,0.5622839667140339,0.11299302234992,0.2884813944498698,0.1648916878691616,0.2884813944498698,0.1648916878691616
197,32,3,500,5,0.01,1.0,1.0,5.0,0.0,10.0,0.1,0.0,50,,,,,236.0,131.6839651083862,0.6955424348513285,0.038918314103149054,0.5617842276891073,0.03979821212116876,0.55272262287092,0.11698302474484938,0.28844823439915973,0.14704628013258433,0.28844823439915973,0.14704628013258433
198,239,3,500,4,0.1,0.6,1.0,10.0,0.01,1.0,0.0,1.0,50,,,,,27.0,19.8158185969358,0.6953654885292053,0.04228692942774896,0.561233659585317,0.039341757112639576,0.5531476769053811,0.11508457291093328,0.28840651114781696,0.15175360922130354,0.28840651114781696,0.15175360922130354
199,1,3,500,3,0.03,1.0,0.6,10.0,0.01,5.0,0.5,1.0,50,,,,,58.333333333333336,25.249862485874168,0.6933631896972656,0.05336164269439726,0.5505895415941874,0.05121762757484175,0.543356212065773,0.15164126184217455,0.2880176504453023,0.17934313947222777,0.2880176504453023,0.17934313947222777
200,197,3,1200,4,0.01,0.8,1.0,3.0,1.0,10.0,0.1,1.0,100,,,,,387.0,269.64544621904275,0.6959860920906067,0.030855133679633086,0.5575678745905558,0.03857312069333859,0.554795782601201,0.11070895402089362,0.2878768841425578,0.13920547490394908,0.2878768841425578,0.13920547490394908
201,216,3,800,5,0.1,0.8,0.8,10.0,0.01,1.0,0.0,1.0,100,,,,,14.0,4.320493798938574,0.6956891020139059,0.03275322748615334,0.5573773582776388,0.027796049804093514,0.5574176349667564,0.10701805622002028,0.28760172923405963,0.14450226775255046,0.28760172923405963,0.14450226775255046
202,157,3,1200,4,0.05,0.8,0.6,1.0,0.1,10.0,0.1,0.0,50,,,,,72.0,39.60639678974429,0.6964964469273885,0.040965382573250164,0.5571608444054922,0.045754443891429804,0.5584842823439601,0.10803527786526747,0.2875920335451762,0.14412039056112716,0.2875920335451762,0.14412039056112716
203,98,3,800,2,0.1,0.6,1.0,5.0,0.1,3.0,0.0,1.0,100,,,,,31.666666666666668,3.299831645537222,0.6955152948697408,0.03220080001820086,0.5605218211809794,0.025365648524592044,0.5659970735586425,0.10005447648989697,0.2875206470489502,0.14591304888950557,0.2875206470489502,0.14591304888950557
204,150,3,1200,2,0.1,0.8,0.8,3.0,0.0,3.0,0.5,1.0,100,,,,,46.333333333333336,26.71246067953223,0.6939737598101298,0.044311177011122777,0.562201182047526,0.04878635903819866,0.5782631602925091,0.09157875489671322,0.28732113043467206,0.16872672040062736,0.28732113043467206,0.16872672040062736
205,241,3,1600,3,0.05,1.0,1.0,3.0,0.0,3.0,0.1,0.0,100,,,,,69.33333333333333,46.197643037521104,0.6951610048611959,0.03202993193078472,0.5599137345949808,0.042670002801996565,0.5713355660682771,0.09118582587760023,0.2871350248654683,0.1502653927297701,0.2871350248654683,0.1502653927297701
206,80,3,1600,4,0.03,1.0,1.0,3.0,0.01,10.0,0.1,0.0,50,,,,,76.33333333333333,35.836046408919366,0.6931870977083842,0.03401542555662393,0.554015060265859,0.03657679930848379,0.550884084045371,0.13458103411019445,0.28691675265630084,0.16617623362681994,0.28691675265630084,0.16617623362681994
207,217,3,1200,2,0.05,1.0,1.0,10.0,1.0,10.0,0.5,1.0,100,,,,,106.66666666666667,38.7327022323801,0.6940649151802063,0.052053372761056475,0.5567529400189718,0.04760474411113235,0.5786418991046832,0.09964553474504075,0.2868625720342,0.1772957369172671,0.2868625720342,0.1772957369172671
208,34,3,500,4,0.05,1.0,0.6,1.0,0.1,5.0,0.0,0.0,50,,,,,45.666666666666664,23.041026211713937,0.696396013100942,0.033389295987720134,0.5530520379543304,0.040877618891897415,0.552163715917117,0.11156906946741538,0.286782165368398,0.14245010935354271,0.286782165368398,0.14245010935354271
209,201,3,800,2,0.1,0.8,0.8,1.0,0.0,3.0,0.5,0.0,100,,,,,42.0,28.083209693100727,0.6948443055152893,0.042827741122892046,0.5613330205281576,0.04648701623223027,0.579442003954796,0.08588388221311888,0.28672583897908527,0.16331154199939327,0.28672583897908527,0.16331154199939327
210,45,3,800,4,0.05,0.6,0.8,5.0,0.1,3.0,0.0,0.0,50,,,,,42.666666666666664,13.912424503139471,0.6965414881706238,0.03938627814202918,0.560297966003418,0.035764434850524926,0.5540003191405095,0.11232912884215482,0.28646641969680786,0.147538275685304,0.28646641969680786,0.147538275685304
211,194,3,800,5,0.1,1.0,0.8,3.0,0.1,5.0,0.1,1.0,50,,,,,26.333333333333332,16.858891488535722,0.6970992485682169,0.031769368676176094,0.5606493751207987,0.03804391837554492,0.5584952282179945,0.10562847061262816,0.2862681746482849,0.13713317589308188,0.2862681746482849,0.13713317589308188
212,58,3,1600,5,0.01,0.6,0.6,1.0,1.0,5.0,0.1,0.0,100,,,,,384.6666666666667,264.70150904157856,0.6980302333831787,0.04166943553314364,0.5589107970396677,0.04744983154239374,0.558412437587302,0.09887636732009496,0.28626058499018353,0.13627831553725092,0.28626058499018353,0.13627831553725092
213,78,3,1200,4,0.03,0.8,1.0,3.0,0.0,10.0,0.0,1.0,100,,,,,92.0,37.47888294315436,0.6976398825645447,0.03133676808056773,0.5601006150245667,0.037571164936621736,0.555324959992874,0.11324815891878942,0.28400683403015137,0.14236894746369402,0.28400683403015137,0.14236894746369402
214,160,3,1600,4,0.03,0.6,0.8,1.0,1.0,1.0,0.1,1.0,50,,,,,82.66666666666667,15.173075568988056,0.6976959506670634,0.04030603203982948,0.5610185265541077,0.03892201022793117,0.5688321997071106,0.09760868726415604,0.2837800979614258,0.15020596498341016,0.2837800979614258,0.15020596498341016
215,204,3,800,4,0.05,0.6,1.0,5.0,0.0,10.0,0.0,0.0,50,,,,,73.66666666666667,26.83695627716046,0.6983688871065775,0.032634605647569585,0.5615130464235941,0.03588806675313089,0.5668612892919797,0.09301364410113132,0.28350462516148883,0.13902149705956648,0.28350462516148883,0.13902149705956648
216,215,3,1600,4,0.03,0.8,0.8,1.0,0.01,10.0,0.0,0.0,50,,,,,98.66666666666667,48.00231475900117,0.6988915801048279,0.038075164221412806,0.5586735208829244,0.04428111272282399,0.5538126038396151,0.10956426055891748,0.28318532307942706,0.14001905214213378,0.28318532307942706,0.14001905214213378
217,246,3,1200,5,0.03,0.6,0.8,1.0,0.0,5.0,0.1,1.0,100,,,,,79.66666666666667,16.418147141366333,0.6989762584368387,0.031985238143982325,0.5588833689689636,0.0372895212992953,0.5599181004329207,0.09468355929719435,0.28313233455022174,0.1344771282884119,0.28313233455022174,0.1344771282884119
218,131,3,500,2,0.03,1.0,1.0,5.0,1.0,10.0,0.5,0.0,100,,,,,143.33333333333334,47.79353745248642,0.6960983673731486,0.05217609309664055,0.5576180020968119,0.046851189172853046,0.5725857892338265,0.10436561853610254,0.28247390190760296,0.17903470090960155,0.28247390190760296,0.17903470090960155
219,31,3,800,2,0.01,1.0,0.8,10.0,0.0,3.0,0.1,1.0,50,,,,,225.33333333333334,128.76421172912225,0.6943159500757853,0.06094498879670807,0.553393950064977,0.05357565496154058,0.5321198935578074,0.16998681001856067,0.2824725906054179,0.19966715642969235,0.2824725906054179,0.19966715642969235
220,224,3,1200,4,0.05,1.0,0.6,10.0,0.1,1.0,0.1,1.0,50,,,,,45.0,17.204650534085253,0.6992642680803934,0.042851289516369094,0.5626409451166788,0.03964271563702132,0.5486371019649737,0.11370683673910763,0.282265841960907,0.1451712629605758,0.282265841960907,0.1451712629605758
221,36,3,800,5,0.01,1.0,0.8,3.0,0.01,3.0,0.0,1.0,100,,,,,318.6666666666667,242.49032053992497,0.6986797253290812,0.02715926965261841,0.5597457687060038,0.03470515372634112,0.554214495732025,0.10320524969185071,0.2822600205739339,0.13803695061537088,0.2822600205739339,0.13803695061537088
222,123,3,1600,3,0.03,1.0,0.6,3.0,0.1,10.0,0.5,1.0,50,,,,,79.0,41.98412398355677,0.696619709332784,0.04792485145323509,0.5545737346013387,0.046497883630922394,0.5330033718721935,0.14818888200796923,0.28176655371983844,0.17371107845645287,0.28176655371983844,0.17371107845645287
223,97,3,800,3,0.01,1.0,0.8,5.0,0.01,5.0,0.0,0.0,50,,,,,170.33333333333334,70.47615830115096,0.6961656610171,0.053701723127895104,0.5510767698287964,0.05013909737418057,0.5415148740627088,0.1495259777593818,0.281540850798289,0.18340309190880397,0.281540850798289,0.18340309190880397
224,90,3,1600,3,0.05,0.8,1.0,3.0,1.0,1.0,0.0,0.0,50,,,,,43.666666666666664,6.847546194724712,0.6956397891044617,0.04163929909410837,0.5567067662874857,0.0399238552882984,0.5684182902912193,0.11280867046790488,0.2815092404683431,0.17493379567847753,0.2815092404683431,0.17493379567847753
225,59,3,1600,3,0.05,1.0,0.6,3.0,0.1,1.0,0.1,0.0,50,,,,,78.0,62.567297102133686,0.6994611819585165,0.04449741911233513,0.5621552666028341,0.046606840584974704,0.5801835991520424,0.07185257182421109,0.2810494701067607,0.1506130925660454,0.2810494701067607,0.1506130925660454
226,200,3,1600,4,0.1,0.6,1.0,5.0,0.0,5.0,0.1,0.0,50,,,,,22.0,13.490737563232042,0.6992319623629252,0.020895157999166834,0.5626774827639262,0.02475417899154123,0.5409971964257817,0.11126728367943686,0.2803190350532532,0.13815179212674075,0.2803190350532532,0.13815179212674075
227,238,3,500,4,0.01,1.0,1.0,3.0,1.0,5.0,0.0,0.0,50,,,,,245.0,177.49553985006685,0.6961260239283243,0.034731894764832516,0.5533914566040039,0.038919768694949425,0.5382163277375976,0.14272125891874812,0.2789876659711202,0.17354474945239062,0.2789876659711202,0.17354474945239062
228,26,3,800,2,0.01,1.0,0.6,3.0,0.1,3.0,0.5,0.0,50,,,,,247.66666666666666,138.98760935981147,0.6959817409515381,0.05787396512935313,0.5560933152834574,0.048846914761623374,0.5341443889598994,0.16078616881578886,0.2789861559867859,0.19718682596248427,0.2789861559867859,0.19718682596248427
229,187,3,800,3,0.05,1.0,0.6,1.0,0.01,5.0,0.5,1.0,100,,,,,64.66666666666667,27.157974069424906,0.6986426115036011,0.0475217944053472,0.5611445903778076,0.0511648328240577,0.569821996921739,0.09684134131124654,0.27858954668045044,0.1705119590019249,0.27858954668045044,0.1705119590019249
230,99,3,1600,2,0.01,1.0,0.6,1.0,0.1,10.0,0.0,1.0,100,,,,,313.0,240.87479458562422,0.6965491771697998,0.05730154048419151,0.5566346247990926,0.0506680395768268,0.5291208603402039,0.16691614772279909,0.2783390283584595,0.19522491427037428,0.2783390283584595,0.19522491427037428
231,135,3,800,3,0.1,0.8,0.6,10.0,1.0,1.0,0.0,1.0,100,,,,,21.333333333333332,14.817407180595245,0.6989262104034424,0.043033541138572294,0.5541105469067892,0.03798837849487874,0.5403526732649232,0.12796245780296736,0.278068204720815,0.16615129840078888,0.278068204720815,0.16615129840078888
232,79,3,1200,2,0.03,1.0,0.6,1.0,0.01,3.0,0.1,0.0,50,,,,,82.0,47.37791327893902,0.6962200999259949,0.057709378702231307,0.5558395187060038,0.04904957498541376,0.5252463328464323,0.17174510065386983,0.2778255144755046,0.19907893471406649,0.2778255144755046,0.19907893471406649
233,40,3,800,3,0.03,1.0,1.0,3.0,0.0,10.0,0.1,1.0,50,,,,,115.33333333333333,21.312489817527705,0.6970621148745219,0.043197695810566594,0.558100700378418,0.04347567757275688,0.5628736285506016,0.11466852368364737,0.27776749928792316,0.17946377659674004,0.27776749928792316,0.17946377659674004
234,41,3,500,3,0.03,1.0,1.0,1.0,0.0,5.0,0.5,0.0,100,,,,,98.66666666666667,36.80881536926839,0.6989339590072632,0.03989300935423675,0.5604470173517863,0.042719116115163464,0.5656787786377658,0.1027816511988265,0.27757829427719116,0.165086355263336,0.27757829427719116,0.165086355263336
235,167,3,500,4,0.1,0.8,0.8,3.0,0.01,10.0,0.1,0.0,50,,,,,24.0,11.224972160321824,0.7022654016812643,0.03746204239911713,0.5632758339246114,0.041713292397971814,0.5492947546551291,0.09838198157534823,0.2773324449857076,0.13519040345227074,0.2773324449857076,0.13519040345227074
236,146,3,500,3,0.01,1.0,0.8,10.0,1.0,3.0,0.0,0.0,100,,,,,176.33333333333334,101.04234535854538,0.6986719568570455,0.05274035779456508,0.552969624598821,0.05076218155365419,0.5337608980708081,0.15590957788169268,0.2765089273452759,0.18301547054809106,0.2765089273452759,0.18301547054809106
237,22,3,500,3,0.1,0.8,0.8,10.0,1.0,3.0,0.1,1.0,100,,,,,18.333333333333332,8.178562764256865,0.698939323425293,0.043819778907309204,0.5578929384549459,0.03739727086266142,0.5337478675860111,0.14173089991174828,0.2763398289680481,0.17300878784868307,0.2763398289680481,0.17300878784868307
238,233,3,800,5,0.01,1.0,0.8,3.0,0.0,5.0,0.0,1.0,50,,,,,269.0,207.18590685661997,0.7022674282391866,0.02970062425297242,0.5632089177767435,0.03805287963019396,0.545119310363699,0.1052878516320616,0.276331086953481,0.13409502026497586,0.276331086953481,0.13409502026497586
239,180,3,800,3,0.03,1.0,0.6,1.0,1.0,3.0,0.0,1.0,50,,,,,65.0,26.318561257535844,0.6996346712112427,0.046019109933237726,0.5564269622166952,0.044844275298436514,0.5350833037526449,0.13850534808771353,0.276258905728658,0.17053545101115755,0.276258905728658,0.17053545101115755
240,251,3,1200,5,0.01,1.0,0.8,3.0,0.0,10.0,0.1,1.0,100,,,,,405.3333333333333,318.4926303002246,0.7028897007306417,0.03174119624170139,0.5643126368522644,0.037271155013230535,0.5455850263904837,0.10609362720800025,0.2761182387669881,0.13031952499705624,0.2761182387669881,0.13031952499705624
241,220,3,1600,2,0.03,1.0,0.8,5.0,0.0,1.0,0.5,1.0,50,,,,,72.66666666666667,51.67419300020293,0.6980269352595011,0.05735081411083402,0.5583240191141764,0.04965018597520189,0.5227072901769838,0.17105231716022648,0.27592118581136066,0.19395164883138802,0.27592118581136066,0.19395164883138802
242,52,3,1600,3,0.01,1.0,1.0,3.0,1.0,5.0,0.5,0.0,100,,,,,174.33333333333334,93.10328792380118,0.6979990005493164,0.04827057321252918,0.5528268019358317,0.04758284406706201,0.5304413490806918,0.1563511669408231,0.2757423122723897,0.18513190764467888,0.2757423122723897,0.18513190764467888
243,11,3,1200,2,0.01,1.0,0.8,3.0,1.0,3.0,0.1,0.0,50,,,,,269.3333333333333,192.32668965995217,0.6976203123728434,0.05929656143855315,0.5585412581761678,0.050650215629892505,0.526406203524486,0.170547077480341,0.27571799357732135,0.19914124714259393,0.27571799357732135,0.19914124714259393
244,68,3,500,3,0.03,1.0,0.8,1.0,0.1,3.0,0.5,0.0,50,,,,,63.0,33.25657829663178,0.7001056671142578,0.04748689548934661,0.556231677532196,0.044731231068237745,0.5341820235671761,0.14041775901064693,0.27475430568059284,0.17409248330498606,0.27475430568059284,0.17409248330498606
245,213,3,800,4,0.1,1.0,0.6,3.0,0.0,3.0,0.1,1.0,100,,,,,27.666666666666668,11.025223605694151,0.7035467227300009,0.03142498703337177,0.5670029719670614,0.042024664027464555,0.5602429343920918,0.08093347297606626,0.27451690038045246,0.13160245277506835,0.27451690038045246,0.13160245277506835
246,211,3,1200,5,0.01,0.8,1.0,3.0,0.0,3.0,0.0,0.0,50,,,,,246.33333333333334,114.35131054002933,0.7036167979240417,0.027410020433343632,0.5658039848009745,0.0357480145112706,0.5488531974706069,0.09872437760078517,0.27438737948735553,0.12861603192122772,0.27438737948735553,0.12861603192122772
247,124,3,800,2,0.03,1.0,0.6,3.0,0.0,1.0,0.0,0.0,50,,,,,87.66666666666667,58.63635580612272,0.6995032032330831,0.05816071017456913,0.5578194260597229,0.04943884606064391,0.5299662543166952,0.15864693200822952,0.27368958791097003,0.19280320473570978,0.27368958791097003,0.19280320473570978
248,214,3,1600,4,0.1,0.6,0.6,1.0,0.1,3.0,0.0,0.0,50,,,,,19.666666666666668,6.599663291074443,0.7062668601671854,0.02972423582410848,0.5610565741856893,0.02777609660755733,0.5420450079308933,0.07945715036652917,0.2732381025950114,0.10493792120409685,0.2732381025950114,0.10493792120409685
249,181,3,800,3,0.1,1.0,0.6,3.0,0.0,5.0,0.5,0.0,100,,,,,22.333333333333332,8.9566858950296,0.7011830806732178,0.047574375594821756,0.5586601495742798,0.04139336052277673,0.5453836249614596,0.12253557901460388,0.2722170352935791,0.17573226662051172,0.2722170352935791,0.17573226662051172
250,164,3,1600,2,0.01,1.0,1.0,1.0,0.1,3.0,0.1,0.0,100,,,,,288.0,198.90366177289613,0.6997488339742025,0.0559353388794054,0.5604656140009562,0.04801099583809806,0.5245878230918212,0.16890936679203541,0.2715097467104594,0.19580737309381124,0.2715097467104594,0.19580737309381124
251,4,3,1600,2,0.01,1.0,1.0,5.0,0.0,1.0,0.5,0.0,100,,,,,217.66666666666666,124.51862868217306,0.7005866368611654,0.05442321345767689,0.5607326626777649,0.04692528086182179,0.5236822843477213,0.1635800106546905,0.2711740930875142,0.19017873648232977,0.2711740930875142,0.19017873648232977
252,218,3,500,5,0.1,1.0,0.6,3.0,0.01,5.0,0.1,1.0,100,,,,,26.333333333333332,16.73983937265296,0.7069177428881327,0.030290915398168448,0.5639093716939291,0.03484071102610752,0.5384207983061745,0.09028518040344456,0.27114049593607586,0.11073719520905266,0.27114049593607586,0.11073719520905266
253,19,3,1200,5,0.1,0.6,0.8,3.0,0.1,10.0,0.0,1.0,100,,,,,26.333333333333332,10.402991022884823,0.7060530384381613,0.025276665046594097,0.5655219952265421,0.025103013521478736,0.5357409991877814,0.0931971182393492,0.27093684673309326,0.119158778585603,0.27093684673309326,0.119158778585603
254,130,3,800,5,0.05,0.6,0.8,3.0,0.0,3.0,0.0,1.0,100,,,,,49.0,24.055491403558285,0.7070325613021851,0.03337514512305685,0.5709463556607565,0.03142398457641875,0.5454098122088954,0.0912831204194495,0.2694981098175049,0.12213192317280974,0.2694981098175049,0.12213192317280974
255,161,3,1200,5,0.01,0.8,1.0,3.0,1.0,3.0,0.1,0.0,50,,,,,245.33333333333334,115.09512973574898,0.7084772984186808,0.030638058165807395,0.5666426420211792,0.03714245488608623,0.5381207455722632,0.10479848958347275,0.26408255100250244,0.13388565955233658,0.26408255100250244,0.13388565955233658
256,156,3,800,5,0.1,0.8,1.0,5.0,0.0,5.0,0.0,1.0,100,,,,,22.333333333333332,13.59738536958076,0.7091867327690125,0.036544476832678564,0.5717262228329977,0.04317434067292138,0.5295666364682962,0.11438822064102085,0.2637864351272583,0.13263958886784044,0.2637864351272583,0.13263958886784044
