rank,trial_id,n_folds,n_estimators,max_depth,learning_rate,subsample,colsample_bytree,min_child_weight,reg_alpha,reg_lambda,gamma,max_delta_step,early_stopping_rounds,mean_val_start,std_val_start,mean_val_end,std_val_end,mean_best_iteration,std_best_iteration,mean_val_accuracy,std_val_accuracy,mean_val_f1_macro,std_val_f1_macro,mean_val_auc_macro,std_val_auc_macro,mean_val_bss,std_val_bss,mean_selection_score,std_selection_score
1,202,3,1600,2,0.05,1.0,0.8,5.0,1.0,10.0,0.1,1.0,100,,,,,105.66666666666667,34.081601422990026,0.5514018691588785,0.03815404583774421,0.526018661137019,0.05994880878259039,0.7254482788094093,0.02270206098914401,0.0759182341403875,0.06282133466226307,0.0759182341403875,0.06282133466226307
2,61,3,1200,2,0.05,1.0,1.0,5.0,0.1,10.0,0.5,0.0,50,,,,,92.33333333333333,31.47838764754143,0.5638629283489096,0.04964915093616582,0.5405863012584561,0.07781965187020104,0.726203917639749,0.023481267197640286,0.0740360190663834,0.06423254444782948,0.0740360190663834,0.06423254444782948
3,112,3,1600,2,0.03,1.0,1.0,5.0,0.0,10.0,0.1,0.0,100,,,,,150.66666666666666,61.11373731730771,0.5545171339563862,0.05194184423842078,0.5294864485663596,0.07548061849862917,0.7250060569658023,0.023149322388234004,0.07315354227624311,0.06934280775454074,0.07315354227624311,0.06934280775454074
4,12,3,500,2,0.03,0.6,1.0,1.0,1.0,10.0,0.5,0.0,50,,,,,170.33333333333334,47.70977072070481,0.5327102803738317,0.050038562006881636,0.511691723226176,0.06679341662844143,0.7317918519046233,0.0248845297910285,0.07105915959897051,0.06459437856920654,0.07105915959897051,0.06459437856920654
5,231,3,1200,2,0.1,0.8,0.8,10.0,1.0,1.0,0.5,0.0,50,,,,,35.333333333333336,6.018490028422596,0.5109034267912772,0.038407563881426625,0.4900606187627124,0.053897304840784754,0.7173405968372116,0.02131247721588043,0.06927071601659103,0.04185313412196527,0.06927071601659103,0.04185313412196527
6,131,3,500,2,0.03,1.0,1.0,5.0,1.0,10.0,0.5,0.0,100,,,,,198.66666666666666,61.62971866090436,0.5545171339563862,0.030839548089132918,0.5313420548218187,0.05386356007039497,0.7230805233615979,0.022866046793419574,0.06920814634390597,0.06190377815208991,0.06920814634390597,0.06190377815208991
7,16,3,1200,5,0.1,0.8,0.8,10.0,1.0,10.0,0.1,1.0,100,,,,,36.333333333333336,5.792715732327589,0.5295950155763239,0.031769591985001754,0.5109663821376388,0.047462267325783965,0.7133574006736634,0.018490582924116924,0.06864534318858995,0.05578501201472081,0.06864534318858995,0.05578501201472081
8,122,3,1600,2,0.1,0.8,0.8,3.0,0.01,10.0,0.5,1.0,50,,,,,36.0,7.3484692283495345,0.5389408099688474,0.05727344645124682,0.5172114059128139,0.07365252218349778,0.7214090410559857,0.03450748264949284,0.06826906112248905,0.05102825447126417,0.06826906112248905,0.05102825447126417
9,117,3,1600,2,0.1,0.8,0.8,3.0,1.0,3.0,0.1,1.0,50,,,,,37.0,11.045361017187261,0.5358255451713395,0.061679096178265815,0.514345925498556,0.07570520327390338,0.7236274778525663,0.024540346386663508,0.0682636766135752,0.05142189097905178,0.0682636766135752,0.05142189097905178
10,82,3,800,5,0.1,1.0,0.6,3.0,0.1,10.0,0.5,0.0,100,,,,,27.0,2.160246899469287,0.5264797507788161,0.03764188776820738,0.5165734866792159,0.03935542033330018,0.7153934893241641,0.0322875198284506,0.0679496263781743,0.062329282868936665,0.0679496263781743,0.062329282868936665
11,134,3,1600,2,0.01,0.8,1.0,3.0,1.0,10.0,0.5,1.0,100,,,,,414.3333333333333,78.45309993167184,0.5233644859813084,0.06056767007857811,0.4903806440233129,0.0917011485617151,0.721856778555576,0.03342758735134292,0.06770869410857139,0.06637129917611258,0.06770869410857139,0.06637129917611258
12,174,3,500,3,0.01,0.6,0.6,5.0,1.0,10.0,0.1,0.0,50,,,,,392.6666666666667,89.97900989798799,0.5171339563862928,0.04471246135329382,0.49266148265480036,0.05674640657638077,0.7179107948772758,0.039365939291137464,0.0670989552344261,0.057579221116969316,0.0670989552344261,0.057579221116969316
13,190,3,500,2,0.05,0.8,0.6,3.0,1.0,3.0,0.0,1.0,50,,,,,78.33333333333333,29.892399628593814,0.5202492211838007,0.04846214699720885,0.4962823191654356,0.06410493538899467,0.7259667987131859,0.029292056997348617,0.06694002950734727,0.06543415373110485,0.06694002950734727,0.06543415373110485
14,48,3,1200,2,0.1,0.8,0.6,10.0,0.0,3.0,0.1,0.0,100,,,,,39.0,7.788880963698615,0.5202492211838006,0.04599633352097631,0.49898683626271784,0.065944313072733,0.7211726396399204,0.03137686442398512,0.06687925613243761,0.05603350556748978,0.06687925613243761,0.05603350556748978
15,229,3,1600,2,0.05,0.8,0.6,1.0,1.0,10.0,0.0,1.0,100,,,,,82.0,25.13961017995307,0.5046728971962616,0.06246086497122559,0.47957362700283857,0.08547372323885384,0.7203754864702727,0.03159847065286459,0.0663325511382981,0.07018707027371546,0.0663325511382981,0.07018707027371546
16,11,3,1200,2,0.01,1.0,0.8,3.0,1.0,3.0,0.1,0.0,50,,,,,376.6666666666667,195.50333898825247,0.5482866043613707,0.023312507082703684,0.529491291582883,0.028937478431422758,0.7214181021831988,0.020996639123877447,0.0660277329363516,0.057516814110655755,0.0660277329363516,0.057516814110655755
17,109,3,800,5,0.03,0.8,0.8,10.0,1.0,10.0,0.1,1.0,50,,,,,132.66666666666666,17.745108872274887,0.5046728971962616,0.03815404583774419,0.47887786727551124,0.06384535735207242,0.7148225221509025,0.03064969001455329,0.06558924237873591,0.05462645235921265,0.06558924237873591,0.05462645235921265
18,142,3,1600,2,0.05,0.6,0.8,3.0,0.1,10.0,0.1,0.0,50,,,,,91.66666666666667,25.61683474245447,0.5171339563862928,0.05927195511040636,0.49438197613671225,0.0817847828989224,0.7293399922883758,0.02783505786278,0.06530052915699347,0.06588455960992501,0.06530052915699347,0.06588455960992501
19,56,3,1200,3,0.01,0.6,0.8,3.0,1.0,5.0,0.5,0.0,50,,,,,298.6666666666667,17.96910929592474,0.5171339563862928,0.0391582713083381,0.4942147140938215,0.0557947159181883,0.7179545156992565,0.03726711846810263,0.06520288358113853,0.05732477061685406,0.06520288358113853,0.05732477061685406
20,150,3,1200,2,0.1,0.8,0.8,3.0,0.0,3.0,0.5,1.0,100,,,,,32.333333333333336,7.408703590297623,0.5233644859813084,0.06519766210734064,0.5011214421562457,0.08275588446451546,0.7234400335445544,0.02472306522475547,0.06518601779590916,0.056208545604782625,0.06518601779590916,0.056208545604782625
21,24,3,800,2,0.03,1.0,0.6,3.0,0.01,3.0,0.1,0.0,100,,,,,111.0,44.39219150556398,0.5295950155763239,0.0352451978161519,0.5162173298819263,0.04047563054451463,0.7229858924915759,0.030523146979873645,0.06516122318302942,0.06576475538045146,0.06516122318302942,0.06576475538045146
22,188,3,800,2,0.03,0.8,0.6,10.0,0.0,10.0,0.0,0.0,50,,,,,134.66666666666666,12.283683848458853,0.5202492211838006,0.04599633352097631,0.5001697569032789,0.06466935547796919,0.7169402648054541,0.03496131680522763,0.06461910481115096,0.061793871731603056,0.06461910481115096,0.061793871731603056
23,8,3,1600,3,0.03,0.6,1.0,3.0,0.1,10.0,0.5,1.0,50,,,,,128.33333333333334,8.219218670625303,0.5295950155763239,0.06579038031757904,0.5117061344951478,0.08327268226912686,0.7240437216946427,0.03639264962994064,0.06411944986566658,0.06878656187692048,0.06411944986566658,0.06878656187692048
24,120,3,800,3,0.03,0.6,0.6,10.0,1.0,10.0,0.5,1.0,100,,,,,170.66666666666666,10.624918300339484,0.5327102803738317,0.046416400080222235,0.5124114896717854,0.061608492008517854,0.7221927944061782,0.03211891621315451,0.06386728644167794,0.06987909638720172,0.06386728644167794,0.06987909638720172
25,223,3,1600,2,0.05,0.8,0.6,1.0,0.01,10.0,0.1,0.0,50,,,,,92.33333333333333,42.444735310230826,0.5046728971962616,0.06056767007857811,0.4796688299644784,0.08227218684814103,0.7253636358837432,0.02400187937683191,0.06369861295017158,0.07107705635681963,0.06369861295017158,0.07107705635681963
26,29,3,1600,3,0.05,1.0,0.6,5.0,1.0,10.0,0.5,1.0,100,,,,,66.33333333333333,9.104333522498443,0.5295950155763239,0.0582812677067592,0.5099732957838369,0.07220991140247528,0.7137373372950214,0.0291634248087968,0.0636032475134392,0.05910432299080061,0.0636032475134392,0.05910432299080061
27,13,3,1200,2,0.1,0.8,1.0,10.0,0.0,3.0,0.5,1.0,50,,,,,32.0,6.48074069840786,0.48598130841121495,0.040378446719052066,0.4637658547777444,0.05371388958852643,0.7130103275176478,0.019344584666583068,0.06355462915282599,0.05825353323888107,0.06355462915282599,0.05825353323888107
28,88,3,800,2,0.1,0.8,1.0,1.0,1.0,5.0,0.0,0.0,50,,,,,35.666666666666664,6.944222218666553,0.5077881619937694,0.0666695780655224,0.47565573971209263,0.09074761213727232,0.7191596584697617,0.024979196853645646,0.06321164477513282,0.0681401262884702,0.06321164477513282,0.0681401262884702
29,184,3,1200,4,0.03,0.6,0.8,5.0,0.1,10.0,0.0,0.0,100,,,,,122.0,8.640987597877148,0.5264797507788161,0.02679852108112966,0.5073064931738326,0.04487740880349925,0.7237690940131237,0.03506611694028292,0.0631912316489452,0.06337218527430562,0.0631912316489452,0.06337218527430562
30,227,3,1600,2,0.05,0.8,0.8,3.0,0.1,10.0,0.0,0.0,100,,,,,91.66666666666667,25.223445883190152,0.5264797507788161,0.05727344645124682,0.5054369839153956,0.0781907528694973,0.723272180633156,0.029191750107088476,0.06314965160050538,0.06090234450084439,0.06314965160050538,0.06090234450084439
31,189,3,500,4,0.03,0.6,1.0,1.0,1.0,10.0,0.5,0.0,50,,,,,151.0,18.708286933869708,0.5295950155763239,0.06120524206974609,0.5139973210740544,0.07838932715989971,0.7247106502763029,0.03312860540767223,0.06295112725091571,0.0647266151841944,0.06295112725091571,0.0647266151841944
32,198,3,1200,4,0.1,0.8,0.6,3.0,0.0,10.0,0.0,0.0,100,,,,,38.0,8.602325267042627,0.5420560747663551,0.05761134582213995,0.5246494656001122,0.07838401640208674,0.7157930434714993,0.03972961277401059,0.06289547160604288,0.059558175459563066,0.06289547160604288,0.059558175459563066
33,99,3,1600,2,0.01,1.0,0.6,1.0,0.1,10.0,0.0,1.0,100,,,,,414.6666666666667,107.50917273527045,0.5420560747663551,0.02751327372687803,0.5227439043927147,0.04552897087184769,0.7195194399255183,0.026015460437640133,0.06280409667728741,0.07205779585543423,0.06280409667728741,0.07205779585543423
34,50,3,1600,2,0.03,0.6,0.8,1.0,0.01,10.0,0.0,0.0,100,,,,,120.0,6.97614984548545,0.5109034267912772,0.0582812677067592,0.4863949436305543,0.08141577097096911,0.7206200500007055,0.0369860485405246,0.0627536705704258,0.0768405423704225,0.0627536705704258,0.0768405423704225
35,125,3,500,2,0.01,0.8,0.8,1.0,1.0,10.0,0.0,1.0,100,,,,,394.0,78.79509290981683,0.5140186915887851,0.06519766210734064,0.48258167937384827,0.09769176653765942,0.7178787717051103,0.03311060165961767,0.06259312674737305,0.06844813504184605,0.06259312674737305,0.06844813504184605
36,26,3,800,2,0.01,1.0,0.6,3.0,0.1,3.0,0.5,0.0,50,,,,,332.6666666666667,128.5362032874612,0.5202492211838006,0.04202721982315275,0.503958782420788,0.04924256965593995,0.7219368169003427,0.03026648956665266,0.06207484662440177,0.05915425840188882,0.06207484662440177,0.05915425840188882
37,191,3,1200,2,0.01,0.6,0.6,1.0,0.0,10.0,0.0,1.0,50,,,,,371.6666666666667,57.13920623257632,0.5109034267912772,0.04905923909041625,0.48805788380256465,0.06732434552875606,0.7163896069746514,0.03693164717583397,0.06194887252209443,0.06752343292266484,0.06194887252209443,0.06752343292266484
38,243,3,1600,2,0.01,0.8,0.8,3.0,0.0,10.0,0.1,0.0,100,,,,,398.3333333333333,86.3416984364385,0.5077881619937695,0.05927195511040636,0.48447476536574136,0.0779530040470089,0.7218951501230446,0.03259779283234648,0.061552926305156665,0.06877483400266501,0.061552926305156665,0.06877483400266501
39,222,3,1200,2,0.01,0.6,0.6,5.0,0.0,10.0,0.1,0.0,50,,,,,397.3333333333333,20.005554784164875,0.5233644859813084,0.04641640008022222,0.49790516623159653,0.057538088024370763,0.7174017681181728,0.040713613475272685,0.06154975651107945,0.06687619511758779,0.06154975651107945,0.06687619511758779
40,7,3,800,3,0.01,0.8,0.8,10.0,1.0,5.0,0.5,1.0,50,,,,,367.3333333333333,13.912424503139471,0.5109034267912772,0.03440922435260827,0.4834431252916735,0.06462271577171837,0.7143698796885921,0.030347655181796603,0.06149135953907144,0.0532363997868701,0.06149135953907144,0.0532363997868701
41,37,3,1200,4,0.01,0.6,1.0,10.0,1.0,10.0,0.1,0.0,50,,,,,415.3333333333333,60.34530268012214,0.5140186915887851,0.05341566417284187,0.4901714787577034,0.07019479623466408,0.7182911645972195,0.036669448151242526,0.06147071960298448,0.07254537102681267,0.06147071960298448,0.07254537102681267
42,228,3,1600,3,0.03,0.6,1.0,3.0,1.0,10.0,0.0,1.0,100,,,,,134.33333333333334,15.755069730795299,0.5327102803738317,0.06104647334039071,0.5148898120947863,0.08172070705976939,0.7184799178503353,0.03537328134279621,0.061194566959759555,0.06743527745381023,0.061194566959759555,0.06743527745381023
43,65,3,800,2,0.03,0.6,0.6,1.0,0.01,10.0,0.5,1.0,100,,,,,120.66666666666667,6.847546194724712,0.5109034267912772,0.06353918397000353,0.4857987210935139,0.08422260171640047,0.7180873189611908,0.03610728723502963,0.061180943078249915,0.07495336943022388,0.061180943078249915,0.07495336943022388
44,252,3,1600,5,0.03,0.8,0.8,10.0,1.0,5.0,0.5,1.0,50,,,,,118.33333333333333,9.030811456096044,0.5015576323987538,0.023312507082703663,0.4805315758967474,0.035251253031082785,0.7144214534404653,0.025092162591994992,0.06068464147697165,0.05317664328847405,0.06068464147697165,0.05317664328847405
45,166,3,1600,2,0.03,0.8,0.6,3.0,0.01,3.0,0.0,1.0,50,,,,,109.0,39.293765408777,0.5046728971962616,0.05341566417284187,0.4836505568444109,0.0701616067155382,0.72400993821766,0.029779352740893418,0.060655146414430296,0.06664269715296602,0.060655146414430296,0.06664269715296602
46,199,3,500,2,0.05,1.0,0.8,1.0,1.0,5.0,0.0,0.0,50,,,,,80.66666666666667,33.47967874530592,0.5233644859813084,0.0228924275026465,0.5028700887594172,0.030125777047256674,0.7253861580992617,0.020048057834997076,0.060397818926029245,0.06739525429639177,0.060397818926029245,0.06739525429639177
47,119,3,1200,3,0.03,0.8,0.6,3.0,0.1,10.0,0.1,1.0,50,,,,,114.33333333333333,4.189935029992178,0.5015576323987538,0.04905923909041625,0.48435101701688876,0.05608589106023273,0.7214970624016831,0.03131163663989555,0.05999973341787771,0.06836318782402433,0.05999973341787771,0.06836318782402433
48,72,3,1600,2,0.05,1.0,1.0,1.0,0.01,10.0,0.5,0.0,50,,,,,98.0,36.851051545376556,0.5389408099688473,0.030839548089132918,0.5132929282388244,0.05109403137230679,0.7241711812691457,0.02232499598407786,0.059967106426601934,0.07355584012792407,0.059967106426601934,0.07355584012792407
49,101,3,500,4,0.01,0.6,0.6,5.0,1.0,5.0,0.0,1.0,50,,,,,341.6666666666667,50.41384289612879,0.5077881619937694,0.03440922435260827,0.48394359332955644,0.05345695603671173,0.7170255176374064,0.033594144574356326,0.05987927486100275,0.05162133439033516,0.05987927486100275,0.05162133439033516
50,209,3,800,4,0.01,0.8,0.6,3.0,0.1,10.0,0.5,0.0,100,,,,,351.3333333333333,40.30164044083345,0.5264797507788161,0.05927195511040637,0.5123107760112405,0.061499559852020096,0.7183070561007564,0.032736949740006786,0.059731443128041496,0.0653729024738956,0.059731443128041496,0.0653729024738956
51,123,3,1600,3,0.03,1.0,0.6,3.0,0.1,10.0,0.5,1.0,50,,,,,103.66666666666667,16.131404843417148,0.5295950155763239,0.0582812677067592,0.5118733875729521,0.07068850659536728,0.716245318184317,0.03132610486963299,0.05929593432212336,0.06722825780481338,0.05929593432212336,0.06722825780481338
52,89,3,1600,3,0.01,0.6,0.6,10.0,0.0,3.0,0.5,1.0,100,,,,,273.3333333333333,22.9830855679176,0.5233644859813084,0.0735888586356244,0.5009088706292434,0.09520216704252503,0.714818402430519,0.0397833489812566,0.059099544921432136,0.07287307622464055,0.059099544921432136,0.07287307622464055
53,67,3,500,3,0.1,0.6,1.0,10.0,1.0,1.0,0.5,0.0,50,,,,,23.0,1.4142135623730951,0.5109034267912772,0.05624757035908966,0.49290353807858206,0.06279872402696503,0.704969498981233,0.028567133480717235,0.0589980414012807,0.06823023798453588,0.0589980414012807,0.06823023798453588
54,74,3,1200,3,0.01,0.8,0.6,3.0,1.0,10.0,0.1,0.0,100,,,,,361.3333333333333,44.850368510811094,0.5015576323987538,0.05520263285566773,0.48036130676173405,0.06799280671865306,0.7155670465017113,0.03433490915892362,0.058437753993069906,0.0644971589981487,0.058437753993069906,0.0644971589981487
55,75,3,1200,2,0.01,0.6,1.0,10.0,0.01,1.0,0.5,0.0,100,,,,,270.0,14.719601443879744,0.5046728971962616,0.05502654745375604,0.47793789224521904,0.07946391035199243,0.7186512762309524,0.037316843551823776,0.05817656852011691,0.07700927512656308,0.05817656852011691,0.07700927512656308
56,152,3,1200,5,0.05,0.6,0.8,5.0,0.01,10.0,0.5,0.0,100,,,,,79.0,19.30457631409368,0.5233644859813084,0.05502654745375604,0.5095425396403596,0.06534538029118374,0.7202819827804051,0.032795530514454566,0.05811368547750965,0.05072087047297744,0.05811368547750965,0.05072087047297744
57,103,3,1600,2,0.03,0.8,0.8,5.0,0.0,5.0,0.5,0.0,50,,,,,113.0,27.53179979587241,0.501557632398754,0.050808431247040764,0.4800012250268894,0.0717372330399938,0.7192074883633404,0.03388201511709361,0.05801753252587268,0.06683831895699247,0.05801753252587268,0.06683831895699247
58,83,3,500,4,0.01,0.6,0.8,3.0,1.0,5.0,0.1,1.0,100,,,,,314.3333333333333,41.994708661396324,0.5140186915887851,0.04765438797750264,0.4951068046299027,0.06528742882607176,0.7151491258396093,0.033070697315462326,0.057979127153896894,0.057769572635362886,0.057979127153896894,0.057769572635362886
59,53,3,500,4,0.01,0.6,1.0,10.0,0.0,10.0,0.1,0.0,100,,,,,391.0,31.379398762032817,0.5077881619937695,0.050808431247040764,0.4848718511450379,0.06688934747832767,0.7190935346514924,0.03246570916404501,0.0579416793070903,0.07341771971757702,0.0579416793070903,0.07341771971757702
60,197,3,1200,4,0.01,0.8,1.0,3.0,1.0,10.0,0.1,1.0,100,,,,,334.3333333333333,47.204048790566915,0.5140186915887851,0.06246086497122559,0.494430796139419,0.08179757762293986,0.7145731531069662,0.03080462801303144,0.05783741907139787,0.06469478194946746,0.05783741907139787,0.06469478194946746
61,216,3,800,5,0.1,0.8,0.8,10.0,0.01,1.0,0.0,1.0,100,,,,,31.333333333333332,5.90668171555645,0.5109034267912772,0.038407563881426625,0.487804815447814,0.04652280393632499,0.7154556061102633,0.009974286255607331,0.05782145797991748,0.035035570903873055,0.05782145797991748,0.035035570903873055
62,70,3,500,2,0.05,0.6,0.8,10.0,1.0,5.0,0.1,1.0,100,,,,,84.66666666666667,23.299976156401723,0.5077881619937694,0.04405649727018986,0.48684338494971985,0.0558924626821115,0.7215983465949726,0.01928215566399352,0.05758820393943823,0.07019989305066812,0.05758820393943823,0.07019989305066812
63,192,3,1200,5,0.1,0.8,1.0,10.0,0.0,5.0,0.5,1.0,50,,,,,31.666666666666668,5.436502143433363,0.5233644859813084,0.027513273726878014,0.5028444789035187,0.047193284131062864,0.7161492939215254,0.009549982117829016,0.057154534061536255,0.0470190356264484,0.057154534061536255,0.0470190356264484
64,76,3,800,5,0.01,0.8,0.8,10.0,1.0,1.0,0.1,1.0,50,,,,,273.3333333333333,32.87687468250121,0.5077881619937695,0.02452961954520811,0.48338635581631184,0.04612054512294324,0.7111971819067175,0.028855913171294278,0.05710439906270944,0.045842381048676425,0.05710439906270944,0.045842381048676425
65,10,3,1600,2,0.01,0.8,0.8,3.0,1.0,1.0,0.1,1.0,100,,,,,324.3333333333333,81.96069518711731,0.5015576323987538,0.03915827130833809,0.4746697704511866,0.06625232533058231,0.7189810071596323,0.033648568561457044,0.05673270002984698,0.059254893219565924,0.05673270002984698,0.059254893219565924
66,236,3,800,2,0.03,1.0,0.6,5.0,0.01,1.0,0.1,0.0,100,,,,,105.0,34.76588366008646,0.5327102803738317,0.047654387977502655,0.5200653027780239,0.054162944331257255,0.721550306901292,0.027665582517572635,0.056716249467456605,0.0612958151097995,0.056716249467456605,0.0612958151097995
67,148,3,500,4,0.01,0.6,0.8,10.0,0.0,1.0,0.0,1.0,50,,,,,279.6666666666667,8.73053390247253,0.5046728971962616,0.040378446719052066,0.4806517573305233,0.057118657452400246,0.7182899502270722,0.030642260302719007,0.05665677447066727,0.06922048097011499,0.05665677447066727,0.06922048097011499
68,127,3,1600,2,0.01,0.8,0.8,10.0,0.1,1.0,0.5,0.0,50,,,,,297.3333333333333,57.921402684058755,0.4984423676012461,0.03440922435260827,0.473314268163932,0.06183809910960853,0.716409783646053,0.028421974002373254,0.056622675768104834,0.05819334314620973,0.056622675768104834,0.05819334314620973
69,30,3,800,5,0.05,0.8,0.6,10.0,0.1,3.0,0.0,1.0,100,,,,,49.666666666666664,4.921607686744467,0.501557632398754,0.04846214699720885,0.47673379818610795,0.06672833924865092,0.7093428468338933,0.030727880815512382,0.05661580847830198,0.0574668879479988,0.05661580847830198,0.0574668879479988
70,104,3,1200,4,0.1,0.8,1.0,10.0,1.0,5.0,0.1,1.0,50,,,,,33.666666666666664,2.0548046676563256,0.4953271028037383,0.027513273726878007,0.470631948524487,0.05264188017268713,0.7110430852315206,0.01645864433740717,0.05647859284496918,0.05002679531252972,0.05647859284496918,0.05002679531252972
71,245,3,1200,4,0.01,0.6,1.0,5.0,0.01,5.0,0.1,1.0,100,,,,,292.0,7.788880963698615,0.5264797507788161,0.02679852108112966,0.5053745601330769,0.043197330203129804,0.7176657057468695,0.03226011502597751,0.05640961027183463,0.05541305885946243,0.05640961027183463,0.05541305885946243
72,170,3,1200,5,0.03,0.6,0.6,3.0,1.0,10.0,0.1,1.0,50,,,,,154.66666666666666,21.561282171728305,0.5202492211838006,0.043390617685931825,0.500727570976308,0.055944389737394726,0.7167126892441931,0.034745533829592154,0.05640251088501691,0.05660816964491533,0.05640251088501691,0.05660816964491533
73,176,3,500,2,0.03,0.8,0.8,1.0,0.01,3.0,0.0,0.0,100,,,,,105.33333333333333,37.392809766347085,0.5109034267912772,0.0582812677067592,0.48713994452891,0.08444337323894777,0.7205409831567193,0.03213973636477696,0.05637774529636067,0.06199941007300726,0.05637774529636067,0.06199941007300726
74,22,3,500,3,0.1,0.8,0.8,10.0,1.0,3.0,0.1,1.0,100,,,,,39.666666666666664,7.408703590297623,0.5046728971962616,0.020189223359526023,0.4784208142556788,0.041697933275876835,0.7147220835071231,0.018196134550316025,0.056064306493760374,0.03876753788431359,0.056064306493760374,0.03876753788431359
75,135,3,800,3,0.1,0.8,0.6,10.0,1.0,1.0,0.0,1.0,100,,,,,37.0,6.683312551921141,0.5202492211838006,0.05080843124704077,0.49654696806746895,0.07210229484930498,0.7177341825281309,0.028077872543721297,0.05587963048304286,0.04555371280529295,0.05587963048304286,0.04555371280529295
76,249,3,800,5,0.03,0.8,1.0,10.0,0.0,5.0,0.1,1.0,100,,,,,118.33333333333333,7.845734863959881,0.5109034267912772,0.04202721982315276,0.4955064395742361,0.0415674668090879,0.7156860668971449,0.02569844217155785,0.05573480769068876,0.05588462390986211,0.05573480769068876,0.05588462390986211
77,14,3,800,2,0.05,0.8,0.8,1.0,0.0,3.0,0.0,0.0,50,,,,,79.33333333333333,31.794478905761125,0.5482866043613707,0.04202721982315276,0.5286194790833205,0.065445595354578,0.720130399633019,0.0273841228523521,0.055717797836164706,0.058418904236944534,0.055717797836164706,0.058418904236944534
78,193,3,500,5,0.01,0.6,0.6,3.0,0.1,5.0,0.5,0.0,50,,,,,299.3333333333333,18.803073034893938,0.5264797507788163,0.050808431247040764,0.5125781355354069,0.06268505960942158,0.7173186238209888,0.03403152566115741,0.0554064650044915,0.056922029214795444,0.0554064650044915,0.056922029214795444
79,79,3,1200,2,0.03,1.0,0.6,1.0,0.01,3.0,0.1,0.0,50,,,,,128.0,44.86275366789991,0.5295950155763239,0.05520263285566773,0.5153297457557092,0.06640032205439228,0.7199839908082821,0.02625677578228241,0.055288275195113736,0.0688321736786627,0.055288275195113736,0.0688321736786627
80,165,3,800,2,0.1,1.0,0.6,10.0,0.0,5.0,0.0,1.0,100,,,,,44.666666666666664,18.00617178142601,0.5233644859813084,0.02643389836211393,0.5008435776364418,0.04341974415758832,0.7170250085996391,0.017354065786831283,0.05470336905142026,0.05468784103669217,0.05470336905142026,0.05468784103669217
81,204,3,800,4,0.05,0.6,1.0,5.0,0.0,10.0,0.0,0.0,50,,,,,71.0,28.705400188814647,0.5264797507788161,0.05727344645124682,0.5092505791094092,0.07626129474862657,0.7186588209325824,0.028638236991055246,0.05463369995492284,0.055858030999837965,0.05463369995492284,0.055858030999837965
82,47,3,1600,2,0.03,1.0,1.0,3.0,0.01,3.0,0.1,1.0,100,,,,,133.66666666666666,51.25968743130956,0.5327102803738318,0.042486547342635045,0.5121858026481457,0.06298042711016251,0.7204341185170055,0.030304282786205883,0.05452357180205247,0.05722552177136252,0.05452357180205247,0.05722552177136252
83,167,3,500,4,0.1,0.8,0.8,3.0,0.01,10.0,0.1,0.0,50,,,,,32.666666666666664,6.342099196813483,0.5264797507788161,0.046625014165407354,0.5133913766691008,0.05599109642958652,0.7162129142426892,0.029355122671619847,0.05416053496980237,0.05512004802645119,0.05416053496980237,0.05512004802645119
84,217,3,1200,2,0.05,1.0,1.0,10.0,1.0,10.0,0.5,1.0,100,,,,,102.66666666666667,18.408935028645434,0.5233644859813084,0.013216949181056965,0.490460928336425,0.03220594386435262,0.7100850587955564,0.015570036905146812,0.05413119613250313,0.05514739880005034,0.05413119613250313,0.05514739880005034
85,86,3,500,2,0.05,0.8,1.0,10.0,1.0,5.0,0.0,0.0,50,,,,,91.66666666666667,20.33606539022619,0.5046728971962616,0.03815404583774419,0.48537246243710763,0.04098953429744412,0.7150385144033864,0.019246601137423117,0.05373380335206853,0.059894612334631725,0.05373380335206853,0.059894612334631725
86,62,3,1600,5,0.01,0.6,0.8,3.0,0.1,3.0,0.5,0.0,50,,,,,247.66666666666666,22.21611027060218,0.5046728971962616,0.0349687606240555,0.48537806318020454,0.053873909620443146,0.7178638854837275,0.03317600285281426,0.0536588315418729,0.05974060856609589,0.0536588315418729,0.05974060856609589
87,145,3,1600,5,0.05,0.6,0.6,10.0,0.01,5.0,0.5,0.0,100,,,,,76.0,27.820855486487112,0.514018691588785,0.05286779672422783,0.49741568249050183,0.06068760794291395,0.7242835597972848,0.019298585905527906,0.05329662654958182,0.07072398113536373,0.05329662654958182,0.07072398113536373
88,147,3,800,3,0.03,0.6,0.8,1.0,0.01,10.0,0.1,0.0,100,,,,,110.66666666666667,9.741092797468305,0.5171339563862928,0.05194184423842075,0.500235197773181,0.06706299608417186,0.7168633093491371,0.03345208554489698,0.05317088268328577,0.07752498809717981,0.05317088268328577,0.07752498809717981
89,49,3,500,5,0.1,0.6,1.0,10.0,0.1,10.0,0.5,1.0,50,,,,,35.0,2.449489742783178,0.5077881619937694,0.04405649727018986,0.48856956847474603,0.05867485985268485,0.711573276813038,0.027082932696745818,0.05297773596415541,0.06525576935097384,0.05297773596415541,0.06525576935097384
90,19,3,1200,5,0.1,0.6,0.8,3.0,0.1,10.0,0.0,1.0,100,,,,,35.333333333333336,4.027681991198191,0.5077881619937694,0.0666695780655224,0.4941940458723142,0.08365897355115885,0.7152367139974077,0.03165753099384986,0.052972626744935525,0.06443321284253255,0.052972626744935525,0.06443321284253255
91,137,3,1200,5,0.1,0.6,0.6,5.0,0.0,10.0,0.5,1.0,50,,,,,35.0,4.546060565661952,0.4984423676012461,0.05194184423842075,0.4844946968482256,0.06018865308629686,0.7096321782654608,0.03646824768145978,0.05267128747335936,0.05522671961339021,0.05267128747335936,0.05522671961339021
92,95,3,1600,5,0.05,0.8,0.6,5.0,0.1,3.0,0.1,1.0,50,,,,,40.666666666666664,4.784233364802441,0.5109034267912772,0.03440922435260827,0.48969661743769416,0.051050497690931965,0.7095720955563855,0.03378418549660517,0.05257676074451648,0.04513515018627523,0.05257676074451648,0.04513515018627523
93,237,3,1200,2,0.01,0.8,0.6,1.0,0.1,1.0,0.5,0.0,50,,,,,272.6666666666667,71.89034860273125,0.49532710280373826,0.050038562006881636,0.4781182001321654,0.0670861304593395,0.7189724816253281,0.03739582153553554,0.05182490844030093,0.07129214816854658,0.05182490844030093,0.07129214816854658
94,60,3,800,5,0.01,0.8,1.0,3.0,1.0,3.0,0.5,0.0,50,,,,,248.0,19.44222209522358,0.5233644859813084,0.03965084754317087,0.5111711106722112,0.047064493270584234,0.7152290442632013,0.029282638397211878,0.051795024800710486,0.0634641454356074,0.051795024800710486,0.0634641454356074
95,220,3,1600,2,0.03,1.0,0.8,5.0,0.0,1.0,0.5,1.0,50,,,,,105.33333333333333,37.54404820415022,0.5264797507788163,0.05727344645124682,0.5061135801837584,0.07342319058086692,0.7135549978020913,0.023589850627890437,0.05161643071727329,0.06475848395912659,0.05161643071727329,0.06475848395912659
96,239,3,500,4,0.1,0.6,1.0,10.0,0.01,1.0,0.0,1.0,50,,,,,27.666666666666668,6.018490028422596,0.5015576323987538,0.03524519781615188,0.48160886485694016,0.048617314991697975,0.7159449900850884,0.021268276527532326,0.05159053288148163,0.06484902640042317,0.05159053288148163,0.06484902640042317
97,181,3,800,3,0.1,1.0,0.6,3.0,0.0,5.0,0.5,0.0,100,,,,,24.0,0.816496580927726,0.5077881619937694,0.038407563881426625,0.49023402651395814,0.04912307057045296,0.7115303103750397,0.03395158370024066,0.05148735311193579,0.05034108065410254,0.05148735311193579,0.05034108065410254
98,58,3,1600,5,0.01,0.6,0.6,1.0,1.0,5.0,0.1,0.0,100,,,,,293.3333333333333,50.690783733885546,0.5171339563862928,0.05727344645124682,0.5025028542948077,0.06849972293358315,0.7118181963391105,0.032719269882034774,0.051305397285304734,0.06349488581591033,0.051305397285304734,0.06349488581591033
99,87,3,800,3,0.1,0.6,0.8,3.0,0.01,10.0,0.5,1.0,100,,,,,35.666666666666664,4.784233364802441,0.5015576323987538,0.0496491509361658,0.47820617138216304,0.07899094604301407,0.7124172869682757,0.03926437315017938,0.05126327313386281,0.05731373377949646,0.05126327313386281,0.05731373377949646
100,78,3,1200,4,0.03,0.8,1.0,3.0,0.0,10.0,0.0,1.0,100,,,,,104.0,9.899494936611665,0.5264797507788163,0.0771932192732951,0.5117518793753023,0.08878394354883432,0.7157376645936271,0.032313352892663065,0.05120553764534715,0.07895179066270289,0.05120553764534715,0.07895179066270289
101,169,3,800,2,0.1,1.0,1.0,10.0,0.01,5.0,0.5,0.0,50,,,,,41.333333333333336,14.704496666741854,0.514018691588785,0.0228924275026465,0.47882569230978,0.047037171847545696,0.7103708670842687,0.012954252980405291,0.0511777831216765,0.053172534231346685,0.0511777831216765,0.053172534231346685
102,107,3,1200,4,0.05,0.8,0.8,10.0,0.01,1.0,0.5,1.0,50,,,,,42.0,6.164414002968976,0.4984423676012461,0.031769591985001754,0.4728373511336657,0.04920139477133772,0.7042916179943014,0.02520253381221552,0.051002260492201544,0.046268356439379814,0.051002260492201544,0.046268356439379814
103,255,3,800,4,0.03,1.0,0.6,5.0,0.1,5.0,0.5,1.0,100,,,,,83.0,14.854853303438128,0.5140186915887851,0.04765438797750264,0.5008739873441664,0.05443554903350752,0.71292130612471,0.02977693384331237,0.05087012551819666,0.04805985010226813,0.05087012551819666,0.04805985010226813
104,128,3,1600,2,0.1,1.0,0.6,10.0,0.0,1.0,0.1,1.0,50,,,,,39.666666666666664,12.036980056845191,0.49221183800623053,0.04905923909041625,0.46375630835341797,0.07307602402702063,0.714773116965738,0.030022394428540676,0.050859270126255164,0.058684162141402006,0.050859270126255164,0.058684162141402006
105,185,3,500,3,0.03,0.8,0.8,3.0,1.0,5.0,0.1,1.0,50,,,,,103.33333333333333,3.681787005729087,0.5015576323987538,0.04905923909041625,0.4851635266140408,0.05508712244603135,0.7161636667211032,0.028969540437041474,0.050680794362545876,0.06481619219752012,0.050680794362545876,0.06481619219752012
106,124,3,800,2,0.03,1.0,0.6,3.0,0.0,1.0,0.0,0.0,50,,,,,118.0,44.86275366789991,0.5264797507788161,0.0639957588292029,0.5128453456087277,0.07254080335715254,0.7188400999918138,0.0311738605924491,0.05062152331885095,0.0629656383429449,0.05062152331885095,0.0629656383429449
107,54,3,800,5,0.05,0.6,0.8,5.0,0.0,5.0,0.0,0.0,50,,,,,50.333333333333336,7.408703590297623,0.49221183800623053,0.04202721982315276,0.47946653327187055,0.05243488771454592,0.7130385473710538,0.03282323581504772,0.050515662612577596,0.058133763493990964,0.050515662612577596,0.058133763493990964
108,15,3,1200,4,0.01,0.8,0.6,5.0,0.1,5.0,0.0,1.0,100,,,,,264.0,22.55363976538303,0.5077881619937694,0.023312507082703663,0.48589537604122146,0.04539317139962767,0.7094628864733828,0.03364878755439862,0.05008995574852293,0.056416541449085915,0.05008995574852293,0.056416541449085915
109,33,3,1200,5,0.03,1.0,0.8,10.0,1.0,1.0,0.5,1.0,100,,,,,72.33333333333333,6.944222218666553,0.501557632398754,0.015884795992500863,0.47641715710484317,0.03242217270795833,0.7040392390224616,0.014465581167531036,0.04998644178152767,0.041118029313418944,0.04998644178152767,0.041118029313418944
110,162,3,500,3,0.05,0.6,0.8,10.0,1.0,5.0,0.5,0.0,100,,,,,75.66666666666667,22.29100466306732,0.514018691588785,0.040378446719052066,0.4920677604583472,0.056050504879124,0.7176035861042238,0.022414471959263983,0.0499554373855016,0.07182759023729554,0.0499554373855016,0.07182759023729554
111,144,3,800,5,0.01,0.6,0.6,5.0,0.1,3.0,0.1,1.0,100,,,,,288.6666666666667,29.147136318265567,0.5046728971962616,0.020189223359526023,0.4841907355072663,0.037166212463739176,0.7150597178532233,0.03371023801869724,0.04985721917701454,0.052710247327857264,0.04985721917701454,0.052710247327857264
112,177,3,500,3,0.03,0.8,1.0,3.0,1.0,5.0,0.5,0.0,50,,,,,111.33333333333333,3.0912061651652345,0.5171339563862928,0.05927195511040636,0.4985453079446405,0.07690220325826316,0.7197945173066617,0.03214478653874914,0.049795126661686916,0.07181320500236311,0.049795126661686916,0.07181320500236311
113,31,3,800,2,0.01,1.0,0.8,10.0,0.0,3.0,0.1,1.0,50,,,,,351.0,106.61144403862092,0.5015576323987538,0.015884795992500863,0.47744493023996787,0.02840685604296937,0.7105611578077742,0.019084744217034672,0.0495132813640469,0.05083864903054557,0.0495132813640469,0.05083864903054557
114,201,3,800,2,0.1,0.8,0.8,1.0,0.0,3.0,0.5,0.0,100,,,,,33.666666666666664,11.2644968324772,0.5046728971962616,0.06782411544260822,0.4786548390173684,0.09608045065073252,0.7136348843902534,0.023800657985818728,0.04949417199057197,0.05788980993164597,0.04949417199057197,0.05788980993164597
115,246,3,1200,5,0.03,0.6,0.8,1.0,0.0,5.0,0.1,1.0,100,,,,,80.0,23.55136231020759,0.5171339563862928,0.05727344645124682,0.5031383471694965,0.07300188693723336,0.7157320173975362,0.030178589991593528,0.04943986474793475,0.07157434272217428,0.04943986474793475,0.07157434272217428
116,244,3,500,2,0.1,1.0,0.6,5.0,0.01,1.0,0.5,0.0,100,,,,,35.0,7.788880963698615,0.5109034267912772,0.06579038031757904,0.494606332740207,0.0802926790158459,0.7193137853613951,0.03393593613675099,0.04927975604297922,0.06770612168724108,0.04927975604297922,0.06770612168724108
117,98,3,800,2,0.1,0.6,1.0,5.0,0.1,3.0,0.0,1.0,100,,,,,31.333333333333332,10.143416036468626,0.4953271028037383,0.06867728250793956,0.4683775092525499,0.10301274608564202,0.7147237263363118,0.03686697438255854,0.04919545684750626,0.06590930125289468,0.04919545684750626,0.06590930125289468
118,186,3,500,4,0.05,0.8,1.0,5.0,1.0,5.0,0.1,0.0,50,,,,,55.666666666666664,2.357022603955158,0.5171339563862928,0.0391582713083381,0.4961303302631523,0.05856951582498347,0.7093539392847705,0.030188938571789746,0.049039266059289176,0.060613913228530596,0.049039266059289176,0.060613913228530596
119,100,3,1600,3,0.01,0.8,1.0,5.0,0.1,5.0,0.1,1.0,100,,,,,280.6666666666667,66.85473472803221,0.5171339563862928,0.03440922435260827,0.49735613083466707,0.055929419267504284,0.7100781034003464,0.03218954073885501,0.04875933052859719,0.06398114381118028,0.04875933052859719,0.06398114381118028
120,44,3,800,5,0.01,0.8,0.8,5.0,0.01,5.0,0.0,0.0,50,,,,,273.3333333333333,34.022868126534476,0.5233644859813084,0.0076308091675488425,0.5097914095136775,0.021311494620267154,0.7111443549754993,0.028629567614176506,0.0487279030396968,0.057393462691911305,0.0487279030396968,0.057393462691911305
121,38,3,1600,2,0.03,1.0,1.0,10.0,1.0,1.0,0.1,1.0,100,,,,,122.33333333333333,22.17105219775452,0.5046728971962616,0.026433898362113906,0.47813025484416866,0.041414703714220596,0.7104818697618782,0.021782622672242354,0.04838739387380412,0.04847249297376377,0.04838739387380412,0.04847249297376377
122,161,3,1200,5,0.01,0.8,1.0,3.0,1.0,3.0,0.1,0.0,50,,,,,231.0,37.2111094522411,0.5202492211838007,0.036061797204953956,0.5074356753311827,0.04768618534418024,0.7107137256887052,0.031337011825007845,0.048364716800288275,0.06311392370137187,0.048364716800288275,0.06311392370137187
123,114,3,800,2,0.05,0.6,0.6,1.0,0.0,5.0,0.1,0.0,100,,,,,85.0,31.790984046843636,0.5109034267912772,0.06839407601277303,0.4934607105733984,0.08705180006121845,0.7173445828232027,0.027570224971741764,0.04833224668092636,0.06762372205687124,0.04833224668092636,0.06762372205687124
124,27,3,500,4,0.05,0.6,1.0,10.0,0.1,1.0,0.0,0.0,50,,,,,51.0,5.354126134736337,0.4953271028037383,0.05341566417284187,0.4783973690417665,0.06881333664777417,0.7136501392740003,0.030659181225709254,0.04827263510584331,0.06274961490313964,0.04827263510584331,0.06274961490313964
125,9,3,1200,3,0.01,0.6,0.8,1.0,0.0,3.0,0.1,0.0,50,,,,,230.0,37.98245208865097,0.5077881619937695,0.04471246135329382,0.4917990124388473,0.0590697452321223,0.7114272927531977,0.0338771239631552,0.0482242079187933,0.06994447528145625,0.0482242079187933,0.06994447528145625
126,129,3,500,5,0.05,0.8,0.8,10.0,0.01,1.0,0.5,0.0,50,,,,,42.0,6.164414002968976,0.49532710280373826,0.033261926018789106,0.4714877969371735,0.04926705092852837,0.7005224235701816,0.02718430587616105,0.04783712075073158,0.043765278185253435,0.04783712075073158,0.043765278185253435
127,234,3,1600,2,0.05,0.6,1.0,5.0,0.0,3.0,0.5,0.0,100,,,,,71.0,30.474032661705056,0.501557632398754,0.04202721982315275,0.48303139905039844,0.05564129313614082,0.7246099242809256,0.022536610611783685,0.0476844735147689,0.06770540731655514,0.0476844735147689,0.06770540731655514
128,219,3,800,5,0.03,0.8,1.0,5.0,0.0,5.0,0.5,0.0,100,,,,,94.33333333333333,21.638443156156644,0.5264797507788161,0.03176959198500176,0.5146224583157741,0.03389694289224914,0.7162352597658449,0.02644124768714243,0.04743100546748136,0.06281836620839687,0.04743100546748136,0.06281836620839687
129,164,3,1600,2,0.01,1.0,1.0,1.0,0.1,3.0,0.1,0.0,100,,,,,369.3333333333333,175.6233343139674,0.5295950155763239,0.036061797204953956,0.5104378806158322,0.041880020055137815,0.7180924145163076,0.023196617675613276,0.04727629247575723,0.07033445684584866,0.04727629247575723,0.07033445684584866
130,4,3,1600,2,0.01,1.0,1.0,5.0,0.0,1.0,0.5,0.0,100,,,,,326.6666666666667,112.69230477523989,0.5264797507788161,0.0771932192732951,0.5058051133878269,0.08975080694287342,0.7110523664130227,0.025728267881219093,0.047239557652827245,0.0701993134959746,0.047239557652827245,0.0701993134959746
131,182,3,800,4,0.1,0.8,1.0,10.0,0.1,1.0,0.0,0.0,50,,,,,32.666666666666664,7.93025150224688,0.514018691588785,0.050038562006881636,0.49859375749674933,0.04927013887606198,0.7132956806446856,0.010615440065358405,0.04710459850705473,0.04011232844492359,0.04710459850705473,0.04011232844492359
132,42,3,800,5,0.01,1.0,0.6,10.0,0.0,10.0,0.5,0.0,50,,,,,323.3333333333333,11.55662388223981,0.4953271028037383,0.013216949181056937,0.4795732711936482,0.026544665155317518,0.7014074355260184,0.025263643412120788,0.047057135544912976,0.048206293453578276,0.047057135544912976,0.048206293453578276
133,46,3,1600,4,0.03,0.8,1.0,5.0,0.1,5.0,0.5,0.0,50,,,,,101.0,13.92838827718412,0.5264797507788161,0.04471246135329383,0.5105385890824735,0.06040288423849364,0.7187765898526336,0.026665679636190178,0.04692913214274778,0.06786695637173955,0.04692913214274778,0.06786695637173955
134,136,3,1200,3,0.03,0.6,0.6,5.0,0.01,5.0,0.5,1.0,100,,,,,117.66666666666667,5.312459150169742,0.48598130841121495,0.03815404583774419,0.46290822139778204,0.06297475429832504,0.7223929869678566,0.033467406217956706,0.04664126134258898,0.06145857826431099,0.04664126134258898,0.06145857826431099
135,248,3,500,3,0.03,0.8,0.6,5.0,0.1,1.0,0.5,1.0,50,,,,,72.33333333333333,14.383632673594278,0.5046728971962616,0.027513273726878007,0.48938282844248754,0.03799428546748243,0.7138298557621455,0.02840065377424772,0.046392315615193115,0.051561708932725055,0.046392315615193115,0.051561708932725055
136,121,3,800,3,0.1,1.0,0.6,3.0,1.0,3.0,0.5,1.0,50,,,,,22.0,2.943920288775949,0.4797507788161994,0.038407563881426625,0.460143759574479,0.05232713875671901,0.7054464473771754,0.035762572587132196,0.046221381258065665,0.05353846367299193,0.046221381258065665,0.05353846367299193
137,206,3,800,3,0.1,0.8,0.8,1.0,0.01,5.0,0.0,0.0,50,,,,,34.333333333333336,11.115554667022044,0.5327102803738317,0.06104647334039071,0.5155814446730517,0.0823773834402787,0.7209947108307558,0.023310093873769692,0.046149009360777184,0.05760758768900205,0.046149009360777184,0.05760758768900205
138,212,3,500,5,0.05,0.8,0.8,5.0,0.1,3.0,0.1,0.0,100,,,,,46.333333333333336,9.843215373488933,0.5202492211838007,0.02452961954520811,0.5052280973845162,0.041580239912308074,0.7067685699917937,0.027224338364118902,0.04610317460618544,0.031128666146033542,0.04610317460618544,0.031128666146033542
139,251,3,1200,5,0.01,1.0,0.8,3.0,0.0,10.0,0.1,1.0,100,,,,,272.0,41.30375285612676,0.5077881619937695,0.06489927307165,0.49875404501841286,0.06961377144823347,0.7083139422107001,0.03145596763588635,0.046075030725485355,0.06492111297366543,0.046075030725485355,0.06492111297366543
140,242,3,500,5,0.01,0.6,0.8,1.0,0.01,3.0,0.5,0.0,100,,,,,215.33333333333334,25.104227178350307,0.514018691588785,0.040378446719052066,0.5011642382312426,0.05380589122991696,0.7113006279352575,0.032810924060560576,0.04600063210097275,0.06647562142833238,0.04600063210097275,0.06647562142833238
141,1,3,500,3,0.03,1.0,0.6,10.0,0.01,5.0,0.5,1.0,50,,,,,87.66666666666667,10.143416036468626,0.4984423676012461,0.00881129945403795,0.4738768319471994,0.03824523474432089,0.7008856679763844,0.02543561789009818,0.04589393172288103,0.05059960609799073,0.04589393172288103,0.05059960609799073
142,105,3,500,3,0.03,0.6,0.6,5.0,0.01,5.0,0.5,0.0,50,,,,,118.33333333333333,6.128258770283411,0.49221183800623053,0.038407563881426625,0.4691989882306802,0.06421413403222895,0.7216686390651871,0.03338079405716645,0.04569095539816762,0.06080049818953128,0.04569095539816762,0.06080049818953128
143,110,3,1600,5,0.05,0.6,0.6,1.0,0.1,10.0,0.5,1.0,50,,,,,87.33333333333333,22.395436042987765,0.5202492211838007,0.062149337517943916,0.5078986931598822,0.0758462456150669,0.7129697714745208,0.0260525937203147,0.04563126437545136,0.0633913325412584,0.04563126437545136,0.0633913325412584
144,126,3,500,5,0.01,1.0,0.8,10.0,1.0,5.0,0.5,0.0,100,,,,,354.6666666666667,101.43744651535525,0.5077881619937694,0.017622598908075927,0.4861979994129037,0.0216479790702815,0.7001564507836907,0.017942564960666037,0.04552140913185324,0.04549352003177142,0.04552140913185324,0.04549352003177142
145,139,3,500,5,0.01,0.8,0.8,1.0,0.0,10.0,0.5,1.0,50,,,,,292.6666666666667,30.771559740918057,0.5202492211838006,0.043390617685931825,0.5067213914021056,0.05640335796007116,0.7105563549884728,0.029568337511826966,0.04545754459691723,0.06623908778687762,0.04545754459691723,0.06623908778687762
146,118,3,1200,4,0.01,0.6,1.0,1.0,0.1,3.0,0.1,0.0,100,,,,,222.33333333333334,32.8870119584549,0.5109034267912772,0.04202721982315276,0.5004711097050241,0.05191393655206073,0.7118951967204342,0.031716360921551924,0.04544490934073323,0.06971481050085142,0.04544490934073323,0.06971481050085142
147,153,3,1200,4,0.05,0.8,0.8,1.0,0.0,5.0,0.5,0.0,100,,,,,44.333333333333336,12.657891697365017,0.5109034267912772,0.05520263285566773,0.4939966705344779,0.07192351946864116,0.7121225484231445,0.026750866054576973,0.04536243557788485,0.0522157027046156,0.04536243557788485,0.0522157027046156
148,90,3,1600,3,0.05,0.8,1.0,3.0,1.0,1.0,0.0,0.0,50,,,,,45.666666666666664,10.274023338281628,0.5109034267912772,0.05727344645124682,0.4883077069814783,0.08288839389181385,0.7085357461231049,0.03538200277674638,0.04497699685678328,0.05652181111171371,0.04497699685678328,0.05652181111171371
149,225,3,1200,3,0.01,1.0,0.6,10.0,0.01,10.0,0.5,1.0,100,,,,,402.0,94.05317644821997,0.5046728971962616,0.020189223359526023,0.4804052061866015,0.04132208316726245,0.7051232088164509,0.024772974071004164,0.04481583784877741,0.045739850559284284,0.04481583784877741,0.045739850559284284
150,93,3,1600,5,0.03,0.8,0.6,5.0,1.0,3.0,0.0,1.0,50,,,,,102.66666666666667,2.6246692913372702,0.5015576323987538,0.00881129945403795,0.4862752712974962,0.02305397927845313,0.7146255441895949,0.027958994702134383,0.04460491099172389,0.05731956947886318,0.04460491099172389,0.05731956947886318
151,226,3,1200,4,0.01,0.6,0.8,3.0,0.01,1.0,0.0,1.0,100,,,,,207.0,27.09243436828813,0.49221183800623053,0.02888977724453488,0.474178809310661,0.03603491976192595,0.7174919730573516,0.029012836108145514,0.044465598713348174,0.06246575509317101,0.044465598713348174,0.06246575509317101
152,45,3,800,4,0.05,0.6,0.8,5.0,0.1,3.0,0.0,0.0,50,,,,,50.333333333333336,6.236095644623236,0.49532710280373826,0.0349687606240555,0.48254819985373004,0.049468996805444636,0.709920287392752,0.03130567718240562,0.04429946520755238,0.054297664377786006,0.04429946520755238,0.054297664377786006
153,207,3,800,5,0.01,0.8,0.6,3.0,0.0,3.0,0.5,0.0,50,,,,,216.66666666666666,36.11401697709938,0.5046728971962616,0.04641640008022222,0.49093570048721463,0.05693269827204891,0.7110302804406808,0.0356431551776835,0.04416177972933688,0.057453601571528325,0.04416177972933688,0.057453601571528325
154,63,3,1200,3,0.01,0.6,0.8,5.0,0.01,1.0,0.0,0.0,50,,,,,255.66666666666666,25.952948879762307,0.48909657320872274,0.03440922435260827,0.4645697889851168,0.05603449108892624,0.7146136880713431,0.03418680623296867,0.04404603729827231,0.05746989371952103,0.04404603729827231,0.05746989371952103
155,171,3,1600,2,0.03,1.0,0.8,1.0,0.1,1.0,0.5,1.0,100,,,,,111.33333333333333,37.205137040766594,0.5171339563862928,0.05727344645124682,0.5050852706474964,0.06535841656563585,0.7138140516449688,0.027138376548939573,0.04399986956643084,0.06805659908078268,0.04399986956643084,0.06805659908078268
156,159,3,800,5,0.05,0.6,0.6,3.0,0.01,5.0,0.1,0.0,100,,,,,54.666666666666664,13.021349989749739,0.5077881619937694,0.05777955448906979,0.49574372955560636,0.07185612079441518,0.70628204039767,0.03987538327266823,0.04389386082828647,0.053955738578167434,0.04389386082828647,0.053955738578167434
157,96,3,1600,5,0.05,1.0,0.8,10.0,0.1,5.0,0.0,1.0,100,,,,,43.0,4.320493798938574,0.5015576323987538,0.01165625354135182,0.4831182081468337,0.0207848826748815,0.6981427593350937,0.015556214793126149,0.0437923278380857,0.04338150804836371,0.0437923278380857,0.04338150804836371
158,20,3,1600,2,0.05,1.0,1.0,10.0,0.01,1.0,0.5,0.0,100,,,,,64.66666666666667,13.912424503139471,0.5077881619937694,0.02452961954520811,0.4828420377372094,0.03892175792472668,0.7070374702607855,0.01924739503028515,0.0437326198139217,0.050658020356576294,0.0437326198139217,0.050658020356576294
159,77,3,500,3,0.05,0.6,0.6,1.0,1.0,3.0,0.5,0.0,100,,,,,55.0,13.366625103842281,0.5077881619937695,0.07411450002099886,0.4858519701935263,0.09948239262198313,0.7097243584811398,0.03700416753141391,0.04369645109602175,0.060071365011819595,0.04369645109602175,0.060071365011819595
160,94,3,500,4,0.03,1.0,0.6,5.0,1.0,3.0,0.5,1.0,50,,,,,86.66666666666667,22.216110270602176,0.5046728971962616,0.05341566417284188,0.4884010094699187,0.06429680156082171,0.7067709296066291,0.028961905629099286,0.04349692565622276,0.046638373241733845,0.04349692565622276,0.046638373241733845
161,18,3,800,3,0.1,0.6,1.0,5.0,0.0,1.0,0.5,1.0,50,,,,,20.0,2.160246899469287,0.5077881619937695,0.04471246135329382,0.4900821166652059,0.053748685060980406,0.7095350845880084,0.04812169413672889,0.043185362061911814,0.06681369377907362,0.043185362061911814,0.06681369377907362
162,194,3,800,5,0.1,1.0,0.8,3.0,0.1,5.0,0.1,1.0,50,,,,,23.0,3.7416573867739413,0.5109034267912772,0.06579038031757904,0.4987987698383109,0.07226854175517443,0.7084911660243446,0.037568080878807655,0.042827294200864174,0.05242246536924134,0.042827294200864174,0.05242246536924134
163,17,3,800,3,0.03,0.8,0.6,5.0,0.0,1.0,0.5,1.0,50,,,,,84.0,20.607442021431645,0.5046728971962616,0.03052323667019535,0.4924654145414258,0.04223616146440965,0.7139372356469015,0.027954501942917286,0.042769397629017734,0.05109768741836789,0.042769397629017734,0.05109768741836789
164,208,3,500,3,0.03,0.6,0.6,5.0,0.1,3.0,0.1,0.0,50,,,,,109.66666666666667,11.61416759345623,0.49221183800623053,0.04905923909041625,0.4769198836249057,0.057792150372978315,0.7186482358235488,0.02847316322536402,0.04269099300442084,0.060203528602616116,0.04269099300442084,0.060203528602616116
165,5,3,500,3,0.05,0.6,0.8,5.0,0.0,3.0,0.0,0.0,50,,,,,54.333333333333336,10.656244908763853,0.4953271028037383,0.04641640008022222,0.48250515910945513,0.056459566912733475,0.71560304715113,0.026992993095811296,0.04224182023163273,0.06004084122237423,0.04224182023163273,0.06004084122237423
166,196,3,500,3,0.05,0.6,0.6,5.0,0.0,5.0,0.5,0.0,50,,,,,65.33333333333333,17.518244457961217,0.4984423676012461,0.05777955448906979,0.481515046414654,0.07464625820897942,0.709737436476857,0.039066812385698174,0.04195982739461949,0.049205862701633254,0.04195982739461949,0.049205862701633254
167,40,3,800,3,0.03,1.0,1.0,3.0,0.0,10.0,0.1,1.0,50,,,,,88.66666666666667,29.93697082575694,0.5233644859813084,0.06246086497122559,0.4992118400134522,0.07798083037305346,0.7051364834732562,0.03172434616963136,0.041741322197260046,0.0635466388069002,0.041741322197260046,0.0635466388069002
168,151,3,1600,4,0.05,0.6,0.8,3.0,0.0,3.0,0.5,0.0,100,,,,,56.666666666666664,10.873004286866726,0.5202492211838007,0.06839407601277303,0.5063097278845866,0.08295286262743144,0.7187986210626182,0.03157275999976175,0.041727610004441806,0.05862663513983104,0.041727610004441806,0.05862663513983104
169,160,3,1600,4,0.03,0.6,0.8,1.0,1.0,1.0,0.1,1.0,50,,,,,77.66666666666667,19.601587237318874,0.5077881619937695,0.05413753020866904,0.49229099884404603,0.0696187240297163,0.7159911482276167,0.03506776762436234,0.04164496223159616,0.05922836885233381,0.04164496223159616,0.05922836885233381
170,200,3,1600,4,0.1,0.6,1.0,5.0,0.0,5.0,0.1,0.0,50,,,,,31.0,10.03327796219494,0.5171339563862928,0.0639957588292029,0.5083842558675035,0.07103267184993978,0.7077447319344254,0.03979805082395053,0.04154857188934746,0.06868333449998527,0.04154857188934746,0.06868333449998527
171,106,3,1600,5,0.1,0.8,0.8,5.0,0.1,1.0,0.1,0.0,100,,,,,22.0,4.320493798938574,0.514018691588785,0.013216949181056965,0.4957697292144016,0.031045218875578064,0.7065854484910582,0.015975875328586735,0.04146271407680032,0.041146989993829694,0.04146271407680032,0.041146989993829694
172,32,3,500,5,0.01,1.0,1.0,5.0,0.0,10.0,0.1,0.0,50,,,,,297.3333333333333,103.91128694976094,0.5077881619937694,0.04202721982315276,0.4938843383080335,0.05219522355116781,0.7126362692498459,0.026557019741541083,0.04142401492078455,0.06437261309551405,0.04142401492078455,0.06437261309551405
173,39,3,1200,5,0.01,1.0,0.6,10.0,1.0,5.0,0.5,1.0,100,,,,,346.0,66.51816794430427,0.49532710280373826,0.020189223359526023,0.4747235815690176,0.03662543784762807,0.6993961985634095,0.02584983771041222,0.04134225590664694,0.042276659988158244,0.04134225590664694,0.042276659988158244
174,158,3,800,2,0.05,1.0,0.8,1.0,0.01,1.0,0.1,1.0,50,,,,,72.33333333333333,26.512051766864232,0.5171339563862928,0.0639957588292029,0.49770209083705486,0.07831805857087575,0.7151443261946643,0.028952275702337053,0.041176324235715454,0.06276081423878205,0.041176324235715454,0.06276081423878205
175,254,3,500,3,0.01,0.8,0.6,1.0,0.01,5.0,0.1,1.0,100,,,,,248.66666666666666,46.949145063805176,0.5015576323987538,0.04905923909041625,0.48167776180106525,0.061200004703263845,0.7073918948684907,0.029878451266511466,0.041167377802712436,0.06638482292917967,0.041167377802712436,0.06638482292917967
176,218,3,500,5,0.1,1.0,0.6,3.0,0.01,5.0,0.1,1.0,100,,,,,20.666666666666668,3.0912061651652345,0.501557632398754,0.05520263285566773,0.4937478634538394,0.059101566783829204,0.7069799471054777,0.03155309455308559,0.040655745201312356,0.06602964093442706,0.040655745201312356,0.06602964093442706
177,210,3,1200,4,0.03,1.0,0.8,10.0,0.01,1.0,0.0,1.0,100,,,,,60.333333333333336,3.7712361663282534,0.49221183800623053,0.019203781940713302,0.4684308036398395,0.034101528120169096,0.6946279060154404,0.020255492864252534,0.04057316478561276,0.04414833162799208,0.04057316478561276,0.04414833162799208
178,146,3,500,3,0.01,1.0,0.8,10.0,1.0,3.0,0.0,0.0,100,,,,,312.0,106.62394977990013,0.5171339563862928,0.023312507082703663,0.4871960632649816,0.029167303021235363,0.6970748421916794,0.021226168581621387,0.04054288511361259,0.04370180912094919,0.04054288511361259,0.04370180912094919
179,211,3,1200,5,0.01,0.8,1.0,3.0,0.0,3.0,0.0,0.0,50,,,,,217.33333333333334,22.21611027060218,0.5077881619937695,0.03083954808913289,0.49371402362364175,0.042782533089458785,0.7101939660817235,0.030143293538942923,0.04047417334624478,0.06022352569985857,0.04047417334624478,0.06022352569985857
180,52,3,1600,3,0.01,1.0,1.0,3.0,1.0,5.0,0.5,0.0,100,,,,,322.6666666666667,179.25277000804076,0.5109034267912772,0.03915827130833809,0.4890659652433011,0.058168626386969124,0.7044896560480733,0.027708307170080243,0.040334436108919215,0.05508458355774254,0.040334436108919215,0.05508458355774254
181,253,3,1600,3,0.01,0.8,1.0,1.0,0.1,5.0,0.5,1.0,50,,,,,233.66666666666666,34.022868126534476,0.5046728971962616,0.045784855005293036,0.4809733606712219,0.06985082243794154,0.7082809136318663,0.030268963504718086,0.040094041221324574,0.06906903640739387,0.040094041221324574,0.06906903640739387
182,85,3,1600,3,0.03,0.6,1.0,1.0,1.0,1.0,0.5,1.0,50,,,,,89.33333333333333,22.89589968143253,0.5109034267912772,0.06353918397000353,0.49223846160919765,0.08472555944567788,0.7189067719271299,0.0335357687126267,0.03988233779770508,0.06847260094036034,0.03988233779770508,0.06847260094036034
183,64,3,500,4,0.01,1.0,1.0,3.0,1.0,10.0,0.5,1.0,50,,,,,259.6666666666667,80.83865961833416,0.5109034267912772,0.04599633352097631,0.4969495892647695,0.05206569477119564,0.7001075329497182,0.026291188858336936,0.039879822204527605,0.061047516638162866,0.039879822204527605,0.061047516638162866
184,157,3,1200,4,0.05,0.8,0.6,1.0,0.1,10.0,0.1,0.0,50,,,,,60.0,5.715476066494082,0.5046728971962616,0.06056767007857811,0.48461185464426043,0.08147893601674817,0.7023002094421834,0.03336429049875632,0.039580775136070355,0.06496271964128653,0.039580775136070355,0.06496271964128653
185,111,3,1200,4,0.05,0.8,0.8,5.0,0.01,1.0,0.0,0.0,50,,,,,35.333333333333336,2.8674417556808756,0.4890965732087227,0.022028248635094914,0.45911733842138974,0.05375508422003196,0.6997178305302447,0.027409429538750127,0.03956337194244638,0.02945352021665124,0.03956337194244638,0.02945352021665124
186,233,3,800,5,0.01,1.0,0.8,3.0,0.0,5.0,0.0,1.0,50,,,,,189.0,9.626352718795768,0.49221183800623053,0.04202721982315276,0.4716959084800307,0.05642755442782199,0.7071826296972518,0.028439985791794478,0.03945104123781321,0.06047323933351935,0.03945104123781321,0.06047323933351935
187,97,3,800,3,0.01,1.0,0.8,5.0,0.01,5.0,0.0,0.0,50,,,,,251.0,54.86954224947267,0.49532710280373826,0.045784855005293036,0.4723475932052756,0.06263063599424133,0.7026143388528064,0.028414765362454065,0.039021917649561276,0.053020579107058645,0.039021917649561276,0.053020579107058645
188,143,3,1200,5,0.05,0.6,0.6,3.0,0.1,3.0,0.0,0.0,50,,,,,47.333333333333336,10.338708279513881,0.5140186915887851,0.06246086497122559,0.5027584778308625,0.07879712482384135,0.7045557330151236,0.04745058353443934,0.039012808171194534,0.04907959307399983,0.039012808171194534,0.04907959307399983
189,69,3,1200,5,0.03,1.0,0.8,10.0,0.1,1.0,0.5,0.0,100,,,,,60.0,2.160246899469287,0.4890965732087227,0.01165625354135182,0.4681019476786839,0.016399098905501126,0.6952389415351514,0.01996522964315744,0.03896807445721177,0.039708126703191536,0.03896807445721177,0.039708126703191536
190,149,3,1200,2,0.1,1.0,0.8,1.0,0.0,1.0,0.5,1.0,100,,,,,32.0,11.430952132988164,0.5077881619937695,0.04471246135329382,0.49169117012810554,0.057454847324105086,0.7153540775870234,0.026315428548157528,0.03859629614680016,0.06536936922622813,0.03859629614680016,0.06536936922622813
191,3,3,800,5,0.1,1.0,0.8,5.0,0.01,5.0,0.0,1.0,50,,,,,22.0,5.656854249492381,0.4890965732087227,0.03840756388142663,0.4782460614958062,0.04859229052987652,0.7046683080786739,0.02783988541300795,0.0385001996202875,0.047113658220185047,0.0385001996202875,0.047113658220185047
192,156,3,800,5,0.1,0.8,1.0,5.0,0.0,5.0,0.0,1.0,100,,,,,27.333333333333332,3.6817870057290873,0.49532710280373826,0.045784855005293036,0.4732284348996663,0.06902961996486728,0.7013738367986656,0.029858132908633817,0.03802670433745218,0.046598884235505615,0.03802670433745218,0.046598884235505615
193,241,3,1600,3,0.05,1.0,1.0,3.0,0.0,3.0,0.1,0.0,100,,,,,40.0,4.898979485566356,0.5015576323987538,0.046625014165407354,0.47977450926079496,0.0658710776839899,0.7059228302670033,0.035401512674929594,0.03764034310842904,0.053307263439749016,0.03764034310842904,0.053307263439749016
194,116,3,500,4,0.01,1.0,1.0,10.0,0.0,3.0,0.0,0.0,50,,,,,197.33333333333334,19.601587237318874,0.4735202492211838,0.011656253541351844,0.4523824654854696,0.010510154040125263,0.6917531265641544,0.01664442039707267,0.03762166742954446,0.04530683855601919,0.03762166742954446,0.04530683855601919
195,91,3,1600,3,0.05,1.0,0.8,3.0,0.1,1.0,0.1,1.0,50,,,,,31.333333333333332,3.299831645537222,0.514018691588785,0.040378446719052066,0.4927604260092469,0.05000034296382614,0.7056068552146987,0.04053607807478885,0.03738688952028039,0.04689715686704543,0.03738688952028039,0.04689715686704543
196,130,3,800,5,0.05,0.6,0.8,3.0,0.0,3.0,0.0,1.0,100,,,,,49.0,9.092121131323903,0.5109034267912772,0.07643516602109218,0.4972453960584304,0.09349141999748876,0.7099154564301827,0.03752490615647513,0.037108256765335024,0.06413788069491648,0.037108256765335024,0.06413788069491648
197,81,3,500,4,0.05,0.6,1.0,5.0,0.0,3.0,0.0,1.0,100,,,,,56.0,20.51016008388688,0.4984423676012461,0.04202721982315276,0.4801570661495817,0.06548654027670474,0.7132698663377139,0.03710032425898428,0.03703367641403429,0.05265305368572699,0.03703367641403429,0.05265305368572699
198,172,3,800,4,0.05,0.8,1.0,5.0,0.0,1.0,0.0,0.0,50,,,,,37.333333333333336,4.784233364802441,0.4953271028037383,0.027513273726878007,0.46979286184118174,0.050680849386786665,0.7005347291793312,0.02609214584065829,0.03654328122606273,0.0522894697917066,0.03654328122606273,0.0522894697917066
199,25,3,1200,4,0.01,1.0,0.6,5.0,0.1,3.0,0.0,1.0,100,,,,,202.33333333333334,26.2466929133727,0.4984423676012461,0.031769591985001754,0.48408826956985535,0.03447142981532041,0.7000170200898017,0.02030347399048788,0.03640136818267107,0.0519280764581333,0.03640136818267107,0.0519280764581333
200,187,3,800,3,0.05,1.0,0.6,1.0,0.01,5.0,0.5,1.0,100,,,,,67.66666666666667,36.97146046464609,0.5109034267912772,0.06924022047007122,0.49732213410215514,0.08153912516640656,0.7099308620544408,0.02923804424466383,0.03639266207601385,0.06860498824431843,0.03639266207601385,0.06860498824431843
201,155,3,800,3,0.05,0.6,1.0,1.0,0.01,5.0,0.5,0.0,100,,,,,56.0,6.377042156569663,0.5109034267912772,0.06353918397000353,0.5008287311426542,0.07606384287283868,0.7127771115539446,0.029256810817107008,0.03623205768215002,0.07686201823677795,0.03623205768215002,0.07686201823677795
202,84,3,1600,4,0.03,1.0,0.6,10.0,0.01,5.0,0.5,0.0,100,,,,,113.66666666666667,31.710495984067414,0.501557632398754,0.015884795992500863,0.4832273540801135,0.03672729346929346,0.7023521094877316,0.025105537446243945,0.03621784722559215,0.039017410848964436,0.03621784722559215,0.039017410848964436
203,205,3,800,5,0.03,0.8,0.6,3.0,0.0,1.0,0.0,0.0,50,,,,,67.66666666666667,13.021349989749739,0.5015576323987538,0.04905923909041625,0.4910427904384789,0.05450468455764978,0.7144028400823172,0.03578777347249849,0.03604341375377614,0.05645220828289989,0.03604341375377614,0.05645220828289989
204,80,3,1600,4,0.03,1.0,1.0,3.0,0.01,10.0,0.1,0.0,50,,,,,88.66666666666667,17.594190960528863,0.5233644859813084,0.045784855005293036,0.5118833361272255,0.052361830827746245,0.6994374144183465,0.029332895549730148,0.03599977185905453,0.06496612525413689,0.03599977185905453,0.06496612525413689
205,113,3,500,5,0.1,0.6,1.0,5.0,0.0,1.0,0.1,1.0,50,,,,,21.0,3.265986323710904,0.49221183800623053,0.03440922435260827,0.4814412541103235,0.03373401145479138,0.7080761297569,0.03585808388370601,0.035911876409037334,0.05218020420554411,0.035911876409037334,0.05218020420554411
206,140,3,500,4,0.03,1.0,0.8,10.0,0.01,3.0,0.0,1.0,50,,,,,75.66666666666667,10.530379332620875,0.4797507788161994,0.017622598908075927,0.46149347482548847,0.02542130721070643,0.6957919316020352,0.019130397296048384,0.03570311910719456,0.03501090131491958,0.03570311910719456,0.03501090131491958
207,168,3,1600,4,0.05,1.0,0.6,3.0,1.0,1.0,0.1,0.0,100,,,,,43.0,2.8284271247461903,0.5015576323987538,0.04339061768593182,0.48960482961482366,0.047173860034416176,0.7011848649240773,0.027060855713898702,0.035155131022302756,0.0551266505626966,0.035155131022302756,0.0551266505626966
208,175,3,800,5,0.03,0.6,0.8,5.0,0.0,1.0,0.1,0.0,100,,,,,70.0,12.24744871391589,0.4984423676012461,0.03915827130833809,0.4845899977541955,0.05084402784679179,0.7122382110382793,0.02806820255730269,0.034779338083568034,0.051158914446826374,0.034779338083568034,0.051158914446826374
209,71,3,800,5,0.01,0.6,0.8,1.0,0.1,1.0,0.5,1.0,100,,,,,194.0,25.508168626278653,0.5109034267912772,0.04905923909041625,0.5008763174749938,0.05861928240025284,0.7095781741576573,0.03195001798699942,0.03418851783603294,0.0642950175178775,0.03418851783603294,0.0642950175178775
210,28,3,1200,3,0.05,0.8,1.0,1.0,0.1,3.0,0.0,0.0,50,,,,,46.0,8.48528137423857,0.5046728971962616,0.045784855005293036,0.48130672510902744,0.07334754154183731,0.7055478492815608,0.025256416989572397,0.03409024700408599,0.061797887634832675,0.03409024700408599,0.061797887634832675
211,21,3,1200,2,0.05,1.0,1.0,1.0,0.0,1.0,0.1,0.0,50,,,,,69.66666666666667,23.11324776447962,0.5109034267912772,0.05520263285566773,0.4941884400874148,0.06632187489797635,0.7117848533570994,0.025489559842334187,0.034062958403702694,0.07273347605287293,0.034062958403702694,0.07273347605287293
212,108,3,800,5,0.03,1.0,0.8,5.0,1.0,3.0,0.1,0.0,50,,,,,80.33333333333333,18.517259216441534,0.48286604361370716,0.022028248635094914,0.46917838057171596,0.028321834677182255,0.7000465911833386,0.015544420174533748,0.03400286377072811,0.04750417853658429,0.03400286377072811,0.04750417853658429
213,6,3,1200,4,0.05,1.0,0.8,5.0,0.1,5.0,0.0,1.0,50,,,,,49.0,10.801234497346433,0.4984423676012461,0.022028248635094914,0.48437583740889156,0.03555469447204698,0.7036823083876844,0.026381917925548764,0.03383473811923728,0.04707909370585758,0.03383473811923728,0.04707909370585758
214,215,3,1600,4,0.03,0.8,0.8,1.0,0.01,10.0,0.0,0.0,50,,,,,104.0,9.41629792788369,0.5171339563862928,0.04471246135329382,0.5049555402907161,0.05228667965208805,0.7065934873981479,0.025872885046389533,0.03347372811179202,0.06989061742005605,0.03347372811179202,0.06989061742005605
215,102,3,500,5,0.05,1.0,1.0,5.0,1.0,3.0,0.5,1.0,50,,,,,51.666666666666664,9.392668535736913,0.48909657320872274,0.04202721982315276,0.4799383162454221,0.05622118267803154,0.7046251042289273,0.026945252617142118,0.03321621728336899,0.04908726559097797,0.03321621728336899,0.04908726559097797
216,163,3,1200,4,0.05,0.6,1.0,5.0,0.0,1.0,0.0,1.0,100,,,,,40.0,4.242640687119285,0.4735202492211838,0.038407563881426625,0.45237810116731997,0.060738406751231606,0.7048091196512211,0.029099433760579198,0.032635677569729814,0.05574880516704255,0.032635677569729814,0.05574880516704255
217,180,3,800,3,0.03,1.0,0.6,1.0,1.0,3.0,0.0,1.0,50,,,,,111.33333333333333,48.32068800098865,0.4984423676012461,0.05927195511040636,0.4816813070995199,0.07450088539346052,0.7067633587865584,0.024141289242334253,0.03249421892122025,0.06003740613702921,0.03249421892122025,0.06003740613702921
218,115,3,800,5,0.1,1.0,0.6,1.0,0.01,10.0,0.5,1.0,50,,,,,123.0,138.59533421680064,0.5264797507788161,0.06489927307165,0.52302426982634,0.06574518353937937,0.7056235679489515,0.027114433871818656,0.03241506804351024,0.06483275536019811,0.03241506804351024,0.06483275536019811
219,132,3,500,3,0.03,1.0,0.6,3.0,0.1,1.0,0.0,1.0,100,,,,,77.33333333333333,24.225789747475496,0.4890965732087227,0.05777955448906979,0.47051710746952335,0.06460448114181531,0.7055153033732869,0.03255287409127055,0.03236388878241092,0.054198873590881665,0.03236388878241092,0.054198873590881665
220,138,3,1200,4,0.03,1.0,0.8,10.0,0.01,3.0,0.1,1.0,100,,,,,92.33333333333333,33.15954697452237,0.4828660436137071,0.02888977724453488,0.46510286750026814,0.03929232692535034,0.6970579201754498,0.019383509979645892,0.03191566202404931,0.03026154492926019,0.03191566202404931,0.03026154492926019
221,238,3,500,4,0.01,1.0,1.0,3.0,1.0,5.0,0.0,0.0,50,,,,,251.66666666666666,23.098821518760552,0.501557632398754,0.030839548089132893,0.4883317141366013,0.03365582295882829,0.6974901959037743,0.020382719100922483,0.03185206777126093,0.06055783543521979,0.03185206777126093,0.06055783543521979
222,57,3,800,5,0.03,0.6,1.0,3.0,1.0,1.0,0.0,1.0,100,,,,,79.66666666666667,18.87385022252275,0.5202492211838006,0.05080843124704077,0.5058636412647646,0.06963975290876759,0.708896236301951,0.030007068499211725,0.03151408626596345,0.05842009295984847,0.03151408626596345,0.05842009295984847
223,35,3,1600,3,0.03,1.0,0.8,5.0,0.1,1.0,0.5,0.0,50,,,,,64.33333333333333,5.2493385826745405,0.5109034267912772,0.04905923909041625,0.48696557769780185,0.05607058050514975,0.6965867430883256,0.028979546316206663,0.03150729324949908,0.04970816966992181,0.03150729324949908,0.04970816966992181
224,247,3,800,4,0.05,0.6,0.8,3.0,0.0,1.0,0.0,1.0,50,,,,,40.333333333333336,9.843215373488933,0.5046728971962616,0.06056767007857811,0.48953683617995775,0.07874048320787902,0.7009161857196341,0.030517754646671256,0.03148337582484029,0.05447820295247887,0.03148337582484029,0.05447820295247887
225,224,3,1200,4,0.05,1.0,0.6,10.0,0.1,1.0,0.1,1.0,50,,,,,41.666666666666664,2.494438257849294,0.49532710280373826,0.026433898362113906,0.481116314677599,0.03345151488780298,0.6933846197021959,0.024432364693130672,0.03147100763634162,0.04953178688421261,0.03147100763634162,0.04953178688421261
226,73,3,800,4,0.05,0.6,0.6,1.0,0.0,3.0,0.5,1.0,100,,,,,51.0,8.16496580927726,0.4984423676012461,0.07411450002099886,0.48174925517724704,0.0978101908675431,0.7043202792639861,0.034798654103750035,0.031324214664694705,0.06316139388227861,0.031324214664694705,0.06316139388227861
227,55,3,800,4,0.1,1.0,1.0,3.0,1.0,5.0,0.5,1.0,100,,,,,20.666666666666668,3.6817870057290873,0.48286604361370716,0.04202721982315276,0.462580703219017,0.059359103151065955,0.7002218442353968,0.028161063476731838,0.0312788608410108,0.051877986099662,0.0312788608410108,0.051877986099662
228,173,3,800,4,0.05,1.0,0.6,5.0,1.0,1.0,0.1,0.0,100,,,,,45.666666666666664,8.178562764256865,0.4984423676012461,0.031769591985001754,0.4841446219965749,0.03811214230311803,0.6979555493324502,0.023074131231447692,0.030977850970666337,0.04903754396309027,0.030977850970666337,0.04903754396309027
229,2,3,800,4,0.1,1.0,0.8,5.0,0.01,3.0,0.5,1.0,50,,,,,22.0,6.48074069840786,0.49221183800623053,0.030839548089132893,0.48325034545272644,0.03493974577770631,0.7021384046476383,0.03383974669036418,0.030772795007278326,0.04618461953968797,0.030772795007278326,0.04618461953968797
230,59,3,1600,3,0.05,1.0,0.6,3.0,0.1,1.0,0.1,0.0,50,,,,,47.666666666666664,15.520595635763755,0.4797507788161994,0.03764188776820737,0.4649089537230868,0.04090053236040654,0.7048535575720724,0.03475783789191215,0.03051766278512154,0.0467266899228177,0.03051766278512154,0.0467266899228177
231,213,3,800,4,0.1,1.0,0.6,3.0,0.0,3.0,0.1,1.0,100,,,,,20.333333333333332,3.6817870057290873,0.4984423676012461,0.05777955448906979,0.4910474153464445,0.06526548917816968,0.699686824867896,0.028303406842234962,0.029391465990044236,0.06500701945550538,0.029391465990044236,0.06500701945550538
232,36,3,800,5,0.01,1.0,0.8,3.0,0.01,3.0,0.0,1.0,100,,,,,158.0,17.795130420052185,0.47663551401869153,0.04641640008022222,0.4612289129240263,0.049431524620819144,0.7018927575088619,0.027588162360123663,0.028591975976577477,0.058823653475433106,0.028591975976577477,0.058823653475433106
233,195,3,500,5,0.03,1.0,0.6,5.0,0.01,1.0,0.1,0.0,50,,,,,54.333333333333336,6.548960901462833,0.4641744548286604,0.03524519781615188,0.4503154257100656,0.0406644688244752,0.6942573245145905,0.031937121638869664,0.027450733996993753,0.05253193043214041,0.027450733996993753,0.05253193043214041
234,214,3,1600,4,0.1,0.6,0.6,1.0,0.1,3.0,0.0,0.0,50,,,,,19.666666666666668,2.6246692913372702,0.5046728971962616,0.07930169508634176,0.4969898851363543,0.08618646003469946,0.6995005390972603,0.0402199325491438,0.025414129357378856,0.06671754111191057,0.025414129357378856,0.06671754111191057
235,179,3,1200,3,0.05,1.0,0.8,5.0,1.0,1.0,0.1,1.0,50,,,,,43.333333333333336,11.953614051360738,0.48286604361370716,0.04202721982315276,0.4573283039635301,0.056258172399502385,0.6929339305498864,0.022889670025933704,0.02481059772673892,0.050851762219484634,0.02481059772673892,0.050851762219484634
236,34,3,500,4,0.05,1.0,0.6,1.0,0.1,5.0,0.0,0.0,50,,,,,42.333333333333336,12.283683848458853,0.5140186915887851,0.04641640008022223,0.5020695094759114,0.04969253476660201,0.6999701584339951,0.01795906878493071,0.02428254872122182,0.06500966004559071,0.02428254872122182,0.06500966004559071
237,235,3,1200,5,0.01,0.8,1.0,1.0,0.0,1.0,0.5,1.0,100,,,,,182.66666666666666,26.562295750848712,0.4953271028037383,0.027513273726878007,0.48593316229468897,0.03724837924115116,0.7071918290591981,0.025753488152698636,0.02360471404213545,0.06083325803505474,0.02360471404213545,0.06083325803505474
238,178,3,800,4,0.1,1.0,1.0,5.0,1.0,1.0,0.5,0.0,100,,,,,279.6666666666667,362.28012488803313,0.49221183800623053,0.037641887768207365,0.47843477108724297,0.05143011639768141,0.7038906921937979,0.029703823354408906,0.022993556944741256,0.049899281808605506,0.022993556944741256,0.049899281808605506
239,250,3,1200,4,0.1,1.0,1.0,1.0,1.0,10.0,0.5,1.0,100,,,,,41.333333333333336,24.526629518862872,0.5109034267912772,0.03606179720495395,0.496470849293025,0.044307865822434414,0.7001624951663267,0.02341992138432963,0.022381103269103253,0.0615272191201767,0.022381103269103253,0.0615272191201767
240,51,3,1600,5,0.1,1.0,0.6,5.0,0.1,1.0,0.1,1.0,100,,,,,14.0,3.559026084010437,0.46105919003115264,0.050808431247040764,0.448562897945205,0.059729916788988736,0.6973668989291895,0.024942042943860647,0.021303037060680263,0.059380144145653374,0.021303037060680263,0.059380144145653374
241,66,3,1200,4,0.1,1.0,0.6,10.0,0.0,1.0,0.0,1.0,50,,,,,22.666666666666668,2.6246692913372702,0.4797507788161994,0.004405649727018988,0.456434021251346,0.019649083540422215,0.6924140296554713,0.028486845636019314,0.020405688672707718,0.04692802571413884,0.020405688672707718,0.04692802571413884
242,43,3,500,4,0.05,0.8,1.0,1.0,0.1,1.0,0.0,0.0,50,,,,,40.0,7.874007874011811,0.501557632398754,0.05727344645124682,0.4834377958196166,0.08015115415309675,0.7010795193598196,0.02461352072987019,0.01997134145648527,0.04874207928052153,0.01997134145648527,0.04874207928052153
243,256,3,1200,5,0.05,0.6,1.0,1.0,0.0,1.0,0.0,0.0,100,,,,,39.0,14.142135623730951,0.4953271028037383,0.059598524827753845,0.4857402310810743,0.07238666414064736,0.6979456880801402,0.03648751664282163,0.019570852286930562,0.05941218193096622,0.019570852286930562,0.05941218193096622
244,230,3,800,4,0.1,1.0,0.8,1.0,0.01,5.0,0.5,1.0,100,,,,,20.666666666666668,5.734883511361751,0.49221183800623053,0.03524519781615188,0.47903693763963345,0.04271970622038542,0.6959162935283848,0.01761508680608003,0.018691812021038905,0.06097052402741735,0.018691812021038905,0.06097052402741735
245,183,3,500,5,0.01,1.0,0.8,1.0,0.01,5.0,0.5,1.0,50,,,,,164.33333333333334,21.51485275080657,0.4797507788161994,0.031769591985001754,0.4651772016839723,0.04470103409081112,0.6900225571399462,0.010109620857358892,0.014071741290971182,0.06484149202747146,0.014071741290971182,0.06484149202747146
246,221,3,1200,4,0.1,1.0,0.6,3.0,0.0,1.0,0.5,0.0,100,,,,,17.0,5.656854249492381,0.4828660436137071,0.038407563881426625,0.47611176102492525,0.04672278346504696,0.6959358095870369,0.033555484391918425,0.01338090996307321,0.0628195702448736,0.01338090996307321,0.0628195702448736
247,203,3,500,4,0.1,1.0,0.6,1.0,0.01,3.0,0.5,1.0,100,,,,,18.333333333333332,3.8586123009300755,0.48909657320872274,0.03764188776820737,0.4785556405494596,0.04503031421150434,0.6880411355566274,0.024672305073108622,0.01313022811043533,0.07051932638263803,0.01313022811043533,0.07051932638263803
248,68,3,500,3,0.03,1.0,0.8,1.0,0.1,3.0,0.5,0.0,50,,,,,84.66666666666667,32.1696889771861,0.501557632398754,0.05520263285566773,0.48296064124125304,0.06656405500087478,0.6962534001344824,0.01796748274855514,0.012737876300551306,0.06438243010203706,0.012737876300551306,0.06438243010203706
249,133,3,1600,4,0.01,1.0,0.8,1.0,0.1,5.0,0.5,0.0,100,,,,,537.3333333333334,527.5315683023676,0.49532710280373826,0.06652385203757825,0.4824522048280988,0.0780613871395097,0.6958489458093094,0.022949678837133853,0.012118917379147201,0.06265588004047519,0.012118917379147201,0.06265588004047519
250,141,3,800,4,0.01,1.0,0.8,1.0,0.01,5.0,0.5,0.0,100,,,,,297.0,188.53646862079495,0.49532710280373826,0.06056767007857811,0.48284751148262056,0.07348997161607361,0.6956005208741094,0.02351804295669887,0.010926828053530624,0.06254941210425748,0.010926828053530624,0.06254941210425748
251,23,3,500,3,0.05,1.0,0.8,1.0,0.1,1.0,0.0,0.0,100,,,,,40.666666666666664,11.08552609887726,0.49221183800623053,0.04202721982315276,0.477272071258034,0.048086732848266325,0.6905976482024974,0.015579861370742592,0.00988913358868256,0.06374791856420828,0.00988913358868256,0.06374791856420828
252,92,3,1200,5,0.01,1.0,0.8,1.0,1.0,1.0,0.1,1.0,100,,,,,168.66666666666666,58.3342857065113,0.4672897196261682,0.05341566417284187,0.4576899205074365,0.057992123818486355,0.6877266841944518,0.012532043142233617,0.006127068933438544,0.06361483573898766,0.006127068933438544,0.06361483573898766
253,41,3,500,3,0.03,1.0,1.0,1.0,0.0,5.0,0.5,0.0,100,,,,,83.0,25.729360660537214,0.48598130841121495,0.04641640008022222,0.47070042271541485,0.05770384662556781,0.6882224847685608,0.015250354031420724,0.005794128636413746,0.06182315162534598,0.005794128636413746,0.06182315162534598
254,154,3,1200,5,0.03,1.0,1.0,1.0,0.0,5.0,0.5,0.0,50,,,,,49.333333333333336,11.025223605694151,0.45482866043613707,0.03440922435260829,0.4410199655613216,0.03224640107406819,0.6798669176570643,0.016000016862220013,0.001177389693433654,0.08169892154366695,0.001177389693433654,0.08169892154366695
255,232,3,1600,5,0.03,1.0,1.0,1.0,0.0,5.0,0.5,0.0,100,,,,,308.6666666666667,366.68272692100214,0.47040498442367595,0.05413753020866904,0.46075184906948574,0.06001534009144326,0.6874344761926432,0.02449946569707602,-0.0013337335991027894,0.07969174778152081,-0.0013337335991027894,0.07969174778152081
256,240,3,1600,3,0.05,1.0,1.0,1.0,0.1,1.0,0.1,0.0,50,,,,,37.333333333333336,11.469767022723502,0.4797507788161994,0.026798521081129657,0.45638279866551673,0.03178469699005694,0.6832000498460534,0.010300711101432214,-0.006893140583878761,0.06619545973680241,-0.006893140583878761,0.06619545973680241
