trial_id,fold_id,train_start,train_end,val_start,val_end,channels,kernel_size,dropout,head_hidden,n_head_layers,lr,weight_decay,batch_size,patience,grad_clip,max_epochs,best_val_loss,val_rmse,val_mae,val_corr,val_r2
1,1,1979-04-01,1988-03-01,1988-04-01,1997-02-01,"[64, 128, 256]",5,0.4,128,1,0.0003,1e-05,32,25,1.0,60,0.5769749283790588,0.7595886588096619,0.5663074851036072,0.4191809837164889,0.09877777099609375
1,2,1979-04-01,1997-02-01,1997-03-01,2006-01-01,"[64, 128, 256]",5,0.4,128,1,0.0003,1e-05,32,25,1.0,60,0.3579036295413971,0.5982504487037659,0.499186247587204,0.7133735235315545,0.42419105768203735
1,3,1979-04-01,2006-01-01,2006-02-01,2014-12-01,"[64, 128, 256]",5,0.4,128,1,0.0003,1e-05,32,25,1.0,60,0.8163813352584839,0.9035382270812988,0.691810131072998,0.3928003729356188,0.09029614925384521
2,1,1979-04-01,1988-03-01,1988-04-01,1997-02-01,"[64, 128, 256]",3,0.4,512,1,0.0005,0.0001,8,25,0.5,60,0.5521191280578899,0.7430459260940552,0.6076874732971191,0.3746647489935434,0.1376049518585205
2,2,1979-04-01,1997-02-01,1997-03-01,2006-01-01,"[64, 128, 256]",3,0.4,512,1,0.0005,0.0001,8,25,0.5,60,0.4818090946874886,0.6941275000572205,0.5565619468688965,0.7470471927133993,0.22484087944030762
2,3,1979-04-01,2006-01-01,2006-02-01,2014-12-01,"[64, 128, 256]",3,0.4,512,1,0.0005,0.0001,8,25,0.5,60,0.7708695803847269,0.8780000805854797,0.6621192693710327,0.3997779646981143,0.14099431037902832
3,1,1979-04-01,1988-03-01,1988-04-01,1997-02-01,"[64, 128, 256]",5,0.4,128,2,0.0003,1e-05,16,12,0.5,60,0.595769571923764,0.7718611359596252,0.6369796991348267,0.39111379168813526,0.06942099332809448
3,2,1979-04-01,1997-02-01,1997-03-01,2006-01-01,"[64, 128, 256]",5,0.4,128,2,0.0003,1e-05,16,12,0.5,60,0.302554686771375,0.5500497221946716,0.4548566937446594,0.7320967947542705,0.5132384300231934
3,3,1979-04-01,2006-01-01,2006-02-01,2014-12-01,"[64, 128, 256]",5,0.4,128,2,0.0003,1e-05,16,12,0.5,60,0.8328403824957732,0.9126008749008179,0.6504037380218506,0.3008469997994451,0.0719556212425232
4,1,1979-04-01,1988-03-01,1988-04-01,1997-02-01,"[32, 64, 128]",5,0.0,256,1,0.001,1e-05,8,12,0.5,60,0.6110918499598993,0.7817227244377136,0.6521236300468445,0.3355510984080468,0.04549020528793335
4,2,1979-04-01,1997-02-01,1997-03-01,2006-01-01,"[32, 64, 128]",5,0.0,256,1,0.001,1e-05,8,12,0.5,60,0.36174941285748347,0.6014571785926819,0.5015489459037781,0.6733384594772303,0.41800159215927124
4,3,1979-04-01,2006-01-01,2006-02-01,2014-12-01,"[32, 64, 128]",5,0.0,256,1,0.001,1e-05,8,12,0.5,60,0.7745375655521857,0.8800747990608215,0.6224895715713501,0.3957251350547245,0.13692975044250488
5,1,1979-04-01,1988-03-01,1988-04-01,1997-02-01,"[64, 128, 256, 512]",5,0.0,128,2,0.0005,1e-05,32,12,0.5,60,0.4735241234302521,0.6881308555603027,0.5658384561538696,0.5159674518357253,0.2603658437728882
5,2,1979-04-01,1997-02-01,1997-03-01,2006-01-01,"[64, 128, 256, 512]",5,0.0,128,2,0.0005,1e-05,32,12,0.5,60,0.4041539132595062,0.6357309818267822,0.5307484865188599,0.6773341131514102,0.3497818112373352
5,3,1979-04-01,2006-01-01,2006-02-01,2014-12-01,"[64, 128, 256, 512]",5,0.0,128,2,0.0005,1e-05,32,12,0.5,60,0.7122637629508972,0.8439571857452393,0.6073387861251831,0.4692342387136613,0.20631569623947144
6,1,1979-04-01,1988-03-01,1988-04-01,1997-02-01,"[64, 128, 256, 512]",5,0.2,512,1,0.001,0.0001,32,25,0.5,60,0.5620413422584534,0.7496939301490784,0.6309523582458496,0.5165420180718995,0.12210434675216675
6,2,1979-04-01,1997-02-01,1997-03-01,2006-01-01,"[64, 128, 256, 512]",5,0.2,512,1,0.001,0.0001,32,25,0.5,60,0.5137133598327637,0.7167379856109619,0.6251968145370483,0.4702121047576473,0.17351841926574707
6,3,1979-04-01,2006-01-01,2006-02-01,2014-12-01,"[64, 128, 256, 512]",5,0.2,512,1,0.001,0.0001,32,25,0.5,60,0.6233864426612854,0.7895483374595642,0.5949177145957947,0.578219377133634,0.30535250902175903
7,1,1979-04-01,1988-03-01,1988-04-01,1997-02-01,"[128, 256, 512]",3,0.2,512,2,0.0005,1e-05,32,25,1.0,60,0.6248064637184143,0.790447473526001,0.5823220014572144,0.35403343387871705,0.02406489849090576
7,2,1979-04-01,1997-02-01,1997-03-01,2006-01-01,"[128, 256, 512]",3,0.2,512,2,0.0005,1e-05,32,25,1.0,60,0.32784098386764526,0.5725744366645813,0.4536336660385132,0.7470903948383574,0.47255605459213257
7,3,1979-04-01,2006-01-01,2006-02-01,2014-12-01,"[128, 256, 512]",3,0.2,512,2,0.0005,1e-05,32,25,1.0,60,0.8182554841041565,0.9045764207839966,0.6136850118637085,0.33887468099604307,0.08820438385009766
8,1,1979-04-01,1988-03-01,1988-04-01,1997-02-01,"[32, 64, 128]",5,0.2,512,1,0.0003,0.0,16,25,1.0,60,0.5503752883349624,0.7418728470802307,0.5955064296722412,0.3757196884325468,0.1403259038925171
8,2,1979-04-01,1997-02-01,1997-03-01,2006-01-01,"[32, 64, 128]",5,0.2,512,1,0.0003,0.0,16,25,1.0,60,0.3345675950295457,0.5784181952476501,0.4876883924007416,0.7426170241169436,0.4617348313331604
8,3,1979-04-01,2006-01-01,2006-02-01,2014-12-01,"[32, 64, 128]",5,0.2,512,1,0.0003,0.0,16,25,1.0,60,0.8576954692323632,0.9261184930801392,0.7310473918914795,0.3834189830496608,0.04425925016403198
9,1,1979-04-01,1988-03-01,1988-04-01,1997-02-01,"[64, 128, 256, 512]",3,0.2,128,1,0.0005,0.0,8,12,1.0,60,0.5688137718450244,0.754196286201477,0.61878901720047,0.35073061247532694,0.11152803897857666
9,2,1979-04-01,1997-02-01,1997-03-01,2006-01-01,"[64, 128, 256, 512]",3,0.2,128,1,0.0005,0.0,8,12,1.0,60,0.34392917936093337,0.5864552855491638,0.46704378724098206,0.7535226763238377,0.44667261838912964
9,3,1979-04-01,2006-01-01,2006-02-01,2014-12-01,"[64, 128, 256, 512]",3,0.2,128,1,0.0005,0.0,8,12,1.0,60,0.7264617091027376,0.8523179292678833,0.6315724849700928,0.47478947581874714,0.19051235914230347
10,1,1979-04-01,1988-03-01,1988-04-01,1997-02-01,"[128, 256, 512]",3,0.2,512,2,0.0005,0.0001,8,12,1.0,60,0.5417811346945361,0.7360652685165405,0.6177979707717896,0.4529128643456488,0.15373265743255615
10,2,1979-04-01,1997-02-01,1997-03-01,2006-01-01,"[128, 256, 512]",3,0.2,512,2,0.0005,0.0001,8,12,1.0,60,0.30940056627041823,0.5562371015548706,0.4521470069885254,0.7384006400602663,0.502225935459137
10,3,1979-04-01,2006-01-01,2006-02-01,2014-12-01,"[128, 256, 512]",3,0.2,512,2,0.0005,0.0001,8,12,1.0,60,0.7914593487142403,0.8896400332450867,0.6484178900718689,0.3666124040816347,0.11806690692901611
11,1,1979-04-01,1988-03-01,1988-04-01,1997-02-01,"[32, 64, 128]",5,0.4,256,1,0.0005,0.0001,8,12,1.0,60,0.5685871338175836,0.7540460228919983,0.6048427224159241,0.4013329098541454,0.11188209056854248
11,2,1979-04-01,1997-02-01,1997-03-01,2006-01-01,"[32, 64, 128]",5,0.4,256,1,0.0005,0.0001,8,12,1.0,60,0.46005461594768776,0.6782655715942383,0.5159175395965576,0.6845619928235269,0.2598634362220764
11,3,1979-04-01,2006-01-01,2006-02-01,2014-12-01,"[32, 64, 128]",5,0.4,256,1,0.0005,0.0001,8,12,1.0,60,0.800471758174005,0.8946908712387085,0.6798694133758545,0.32948306986730125,0.10802429914474487
12,1,1979-04-01,1988-03-01,1988-04-01,1997-02-01,"[64, 128, 256, 512]",5,0.0,128,1,0.0005,0.0,32,25,1.0,60,0.5001609325408936,0.7072206139564514,0.5852020978927612,0.4748748861238475,0.2187594771385193
12,2,1979-04-01,1997-02-01,1997-03-01,2006-01-01,"[64, 128, 256, 512]",5,0.0,128,1,0.0005,0.0,32,25,1.0,60,0.47312912344932556,0.6878436803817749,0.5812013149261475,0.6043464288974629,0.23881208896636963
12,3,1979-04-01,2006-01-01,2006-02-01,2014-12-01,"[64, 128, 256, 512]",5,0.0,128,1,0.0005,0.0,32,25,1.0,60,0.6113893389701843,0.7819138765335083,0.6027594804763794,0.5800804182899283,0.31872129440307617
13,1,1979-04-01,1988-03-01,1988-04-01,1997-02-01,"[64, 128, 256, 512]",5,0.0,512,2,0.0005,0.0001,16,25,0.5,60,0.560237473973604,0.7484901547431946,0.5903931856155396,0.3850484026519865,0.12492132186889648
13,2,1979-04-01,1997-02-01,1997-03-01,2006-01-01,"[64, 128, 256, 512]",5,0.0,512,2,0.0005,0.0001,16,25,0.5,60,0.38652763745495095,0.6217134594917297,0.5190174579620361,0.697364820081578,0.3781396746635437
13,3,1979-04-01,2006-01-01,2006-02-01,2014-12-01,"[64, 128, 256, 512]",5,0.0,512,2,0.0005,0.0001,16,25,0.5,60,0.6624250339570447,0.8138949871063232,0.6026349067687988,0.5616112804440876,0.26185154914855957
14,1,1979-04-01,1988-03-01,1988-04-01,1997-02-01,"[32, 64, 128]",3,0.4,128,2,0.0003,0.0001,32,12,0.5,60,0.5249441266059875,0.7245303392410278,0.6069253087043762,0.4398466516825963,0.18004876375198364
14,2,1979-04-01,1997-02-01,1997-03-01,2006-01-01,"[32, 64, 128]",3,0.4,128,2,0.0003,0.0001,32,12,0.5,60,0.2942928969860077,0.5424876809120178,0.44799038767814636,0.7403841308342844,0.526530385017395
14,3,1979-04-01,2006-01-01,2006-02-01,2014-12-01,"[32, 64, 128]",3,0.4,128,2,0.0003,0.0001,32,12,0.5,60,0.8238475322723389,0.9076606035232544,0.6725254654884338,0.3139500700886738,0.08197617530822754
15,1,1979-04-01,1988-03-01,1988-04-01,1997-02-01,"[128, 256, 512]",3,0.4,128,1,0.001,0.0,32,12,0.5,60,0.7655405402183533,0.8749517798423767,0.6378054022789001,0.2227393869673941,-0.19575762748718262
15,2,1979-04-01,1997-02-01,1997-03-01,2006-01-01,"[128, 256, 512]",3,0.4,128,1,0.001,0.0,32,12,0.5,60,0.3687490224838257,0.6072468757629395,0.4746049642562866,0.6900769497465423,0.4067429304122925
15,3,1979-04-01,2006-01-01,2006-02-01,2014-12-01,"[128, 256, 512]",3,0.4,128,1,0.001,0.0,32,12,0.5,60,0.812980055809021,0.9016546607017517,0.6840100288391113,0.3303930809167701,0.0940849781036377
16,1,1979-04-01,1988-03-01,1988-04-01,1997-02-01,"[64, 128, 256, 512]",5,0.0,256,2,0.0005,1e-05,16,25,0.5,60,0.43875197272434413,0.6623835563659668,0.5573503971099854,0.561852529985107,0.3146790862083435
16,2,1979-04-01,1997-02-01,1997-03-01,2006-01-01,"[64, 128, 256, 512]",5,0.0,256,2,0.0005,1e-05,16,25,0.5,60,0.47967742035322103,0.6925874948501587,0.5550592541694641,0.7385529655773195,0.22827666997909546
16,3,1979-04-01,2006-01-01,2006-02-01,2014-12-01,"[64, 128, 256, 512]",5,0.0,256,2,0.0005,1e-05,16,25,0.5,60,0.6405024637128706,0.8003140091896057,0.6258712410926819,0.6072701677771567,0.28628009557724
17,1,1979-04-01,1988-03-01,1988-04-01,1997-02-01,"[64, 128, 256]",3,0.2,256,1,0.0003,1e-05,32,12,1.0,60,0.5043782591819763,0.7101959586143494,0.5854102969169617,0.5144345958143622,0.21217221021652222
17,2,1979-04-01,1997-02-01,1997-03-01,2006-01-01,"[64, 128, 256]",3,0.2,256,1,0.0003,1e-05,32,12,1.0,60,0.33751291036605835,0.5809586048126221,0.49760934710502625,0.7406416267995876,0.4569963812828064
17,3,1979-04-01,2006-01-01,2006-02-01,2014-12-01,"[64, 128, 256]",3,0.2,256,1,0.0003,1e-05,32,12,1.0,60,0.8639216423034668,0.929473876953125,0.7138625979423523,0.34643529732027817,0.03732132911682129
18,1,1979-04-01,1988-03-01,1988-04-01,1997-02-01,"[128, 256, 512]",5,0.2,128,1,0.001,0.0001,16,12,1.0,60,0.6640638976453621,0.8149011135101318,0.6921705007553101,0.416208607430572,-0.03725314140319824
18,2,1979-04-01,1997-02-01,1997-03-01,2006-01-01,"[128, 256, 512]",5,0.2,128,1,0.001,0.0001,16,12,1.0,60,0.3217621147632599,0.5672407746315002,0.4706355333328247,0.7160613586294402,0.4823368191719055
18,3,1979-04-01,2006-01-01,2006-02-01,2014-12-01,"[128, 256, 512]",5,0.2,128,1,0.001,0.0001,16,12,1.0,60,0.6656377482637067,0.8158662915229797,0.6470145583152771,0.5931437894458501,0.2582715153694153
19,1,1979-04-01,1988-03-01,1988-04-01,1997-02-01,"[32, 64, 128]",5,0.2,512,1,0.0003,1e-05,8,12,1.0,60,0.5318932678097876,0.7293087840080261,0.5904794931411743,0.4212918615693406,0.16919755935668945
19,2,1979-04-01,1997-02-01,1997-03-01,2006-01-01,"[32, 64, 128]",5,0.2,512,1,0.0003,1e-05,8,12,1.0,60,0.3346248650662253,0.5784692168235779,0.44141218066215515,0.7545868815174664,0.4616398811340332
19,3,1979-04-01,2006-01-01,2006-02-01,2014-12-01,"[32, 64, 128]",5,0.2,512,1,0.0003,1e-05,8,12,1.0,60,0.7615493814521861,0.8726596832275391,0.6920740008354187,0.5017615594702722,0.15141212940216064
20,1,1979-04-01,1988-03-01,1988-04-01,1997-02-01,"[32, 64, 128]",3,0.4,512,1,0.0005,1e-05,16,12,0.5,60,0.5682885284735778,0.7538491487503052,0.6062387228012085,0.35072402646014844,0.11234581470489502
20,2,1979-04-01,1997-02-01,1997-03-01,2006-01-01,"[32, 64, 128]",3,0.4,512,1,0.0005,1e-05,16,12,0.5,60,0.36118164964925464,0.6009838581085205,0.4759383797645569,0.7379215853406721,0.4189172387123108
20,3,1979-04-01,2006-01-01,2006-02-01,2014-12-01,"[32, 64, 128]",3,0.4,512,1,0.0005,1e-05,16,12,0.5,60,0.7736535724078384,0.8795757293701172,0.6609266996383667,0.3809896937241097,0.13790833950042725
21,1,1979-04-01,1988-03-01,1988-04-01,1997-02-01,"[128, 256, 512]",3,0.2,256,2,0.0003,0.0,16,12,1.0,60,0.5314576681529251,0.7290114760398865,0.6009012460708618,0.505868489448209,0.16987472772598267
21,2,1979-04-01,1997-02-01,1997-03-01,2006-01-01,"[128, 256, 512]",3,0.2,256,2,0.0003,0.0,16,12,1.0,60,0.3568486278859254,0.597368061542511,0.5029551982879639,0.7193743917793556,0.4258883595466614
21,3,1979-04-01,2006-01-01,2006-02-01,2014-12-01,"[128, 256, 512]",3,0.2,256,2,0.0003,0.0,16,12,1.0,60,0.7733121759423586,0.8793817162513733,0.6271470785140991,0.3737045386879467,0.138288676738739
22,1,1979-04-01,1988-03-01,1988-04-01,1997-02-01,"[64, 128, 256, 512]",3,0.0,256,2,0.001,0.0001,8,25,0.5,60,0.5401577515022777,0.7349532842636108,0.6063589453697205,0.5023408910258501,0.15628761053085327
22,2,1979-04-01,1997-02-01,1997-03-01,2006-01-01,"[64, 128, 256, 512]",3,0.0,256,2,0.001,0.0001,8,25,0.5,60,0.46284471494015134,0.6803244352340698,0.5470770001411438,0.6698331698140716,0.2553631663322449
22,3,1979-04-01,2006-01-01,2006-02-01,2014-12-01,"[64, 128, 256, 512]",3,0.0,256,2,0.001,0.0001,8,25,0.5,60,0.6515813341764646,0.80721515417099,0.6121019721031189,0.596591581195838,0.27391815185546875
23,1,1979-04-01,1988-03-01,1988-04-01,1997-02-01,"[32, 64, 128]",5,0.0,128,1,0.001,0.0001,32,25,0.5,60,0.6077314019203186,0.7795713543891907,0.5798562169075012,0.3436184721700866,0.05073678493499756
23,2,1979-04-01,1997-02-01,1997-03-01,2006-01-01,"[32, 64, 128]",5,0.0,128,1,0.001,0.0001,32,25,0.5,60,0.3536805510520935,0.5947105884552002,0.49458447098731995,0.6677977365335623,0.4309850335121155
23,3,1979-04-01,2006-01-01,2006-02-01,2014-12-01,"[32, 64, 128]",5,0.0,128,1,0.001,0.0001,32,25,0.5,60,0.7112574577331543,0.8433607816696167,0.6486319899559021,0.5326264080326394,0.20743697881698608
24,1,1979-04-01,1988-03-01,1988-04-01,1997-02-01,"[32, 64, 128]",3,0.4,128,1,0.0003,0.0,32,12,0.5,60,0.5464619994163513,0.7392306923866272,0.5806098580360413,0.45630450288522245,0.14643830060958862
24,2,1979-04-01,1997-02-01,1997-03-01,2006-01-01,"[32, 64, 128]",3,0.4,128,1,0.0003,0.0,32,12,0.5,60,0.2993541955947876,0.5471327304840088,0.458017498254776,0.7399527253134124,0.5183875560760498
24,3,1979-04-01,2006-01-01,2006-02-01,2014-12-01,"[32, 64, 128]",3,0.4,128,1,0.0003,0.0,32,12,0.5,60,0.8979988098144531,0.9476280212402344,0.7037963271141052,0.05222557880726002,-0.000651240348815918
25,1,1979-04-01,1988-03-01,1988-04-01,1997-02-01,"[64, 128, 256]",3,0.4,512,2,0.001,0.0,8,25,1.0,60,0.5330570969626168,0.7301034927368164,0.6042923927307129,0.46668901058284024,0.16738581657409668
25,2,1979-04-01,1997-02-01,1997-03-01,2006-01-01,"[64, 128, 256]",3,0.4,512,2,0.001,0.0,8,25,1.0,60,0.39679247335852863,0.6299185752868652,0.49646320939064026,0.6758674489835419,0.36161720752716064
25,3,1979-04-01,2006-01-01,2006-02-01,2014-12-01,"[64, 128, 256]",3,0.4,512,2,0.001,0.0,8,25,1.0,60,0.7302497302260355,0.8545436859130859,0.6272004842758179,0.47184538903801937,0.18627899885177612
26,1,1979-04-01,1988-03-01,1988-04-01,1997-02-01,"[64, 128, 256]",3,0.2,512,1,0.0003,0.0,16,25,1.0,60,0.5075325280706459,0.7124131917953491,0.5893430709838867,0.5287139419523741,0.20724529027938843
26,2,1979-04-01,1997-02-01,1997-03-01,2006-01-01,"[64, 128, 256]",3,0.2,512,1,0.0003,0.0,16,25,1.0,60,0.27769048024560805,0.526963472366333,0.4292164146900177,0.7569179798789084,0.553240954875946
26,3,1979-04-01,2006-01-01,2006-02-01,2014-12-01,"[64, 128, 256]",3,0.2,512,1,0.0003,0.0,16,25,1.0,60,0.8090684074107731,0.899482250213623,0.6820812225341797,0.3570235446364773,0.09844505786895752
27,1,1979-04-01,1988-03-01,1988-04-01,1997-02-01,"[64, 128, 256]",5,0.4,256,1,0.001,0.0001,16,12,1.0,60,0.5043109321148596,0.7101485729217529,0.530384361743927,0.5328329815555116,0.21227729320526123
27,2,1979-04-01,1997-02-01,1997-03-01,2006-01-01,"[64, 128, 256]",5,0.4,256,1,0.001,0.0001,16,12,1.0,60,0.34881201497862274,0.5906030535697937,0.48274940252304077,0.7350317819019602,0.43881797790527344
27,3,1979-04-01,2006-01-01,2006-02-01,2014-12-01,"[64, 128, 256]",5,0.4,256,1,0.001,0.0001,16,12,1.0,60,0.7114830039371954,0.8434944748878479,0.6069613099098206,0.4746789978206449,0.20718568563461304
28,1,1979-04-01,1988-03-01,1988-04-01,1997-02-01,"[64, 128, 256]",3,0.4,256,1,0.0003,0.0,32,25,1.0,60,0.527510941028595,0.7262994647026062,0.5978429913520813,0.49415916155841094,0.176039457321167
28,2,1979-04-01,1997-02-01,1997-03-01,2006-01-01,"[64, 128, 256]",3,0.4,256,1,0.0003,0.0,32,25,1.0,60,0.4197182357311249,0.6478566527366638,0.5485674142837524,0.739388964515732,0.3247412443161011
28,3,1979-04-01,2006-01-01,2006-02-01,2014-12-01,"[64, 128, 256]",3,0.4,256,1,0.0003,0.0,32,25,1.0,60,0.8875302076339722,0.9420883059501648,0.7002137303352356,0.11096267121827329,0.011013925075531006
29,1,1979-04-01,1988-03-01,1988-04-01,1997-02-01,"[64, 128, 256]",3,0.4,512,1,0.001,1e-05,16,12,0.5,60,0.6027688384056091,0.7763818502426147,0.6100543141365051,0.47559488943703365,0.05848836898803711
29,2,1979-04-01,1997-02-01,1997-03-01,2006-01-01,"[64, 128, 256]",3,0.4,512,1,0.001,1e-05,16,12,0.5,60,0.33193469075399024,0.5761377215385437,0.45367148518562317,0.7339262589625801,0.46597081422805786
29,3,1979-04-01,2006-01-01,2006-02-01,2014-12-01,"[64, 128, 256]",3,0.4,512,1,0.001,1e-05,16,12,0.5,60,0.7873336249422804,0.8873181939125061,0.668243408203125,0.35772825976483874,0.12266433238983154
30,1,1979-04-01,1988-03-01,1988-04-01,1997-02-01,"[64, 128, 256, 512]",3,0.0,128,1,0.0003,0.0,32,12,0.5,60,0.4673849642276764,0.6836556792259216,0.5749642848968506,0.5329806292574955,0.2699548006057739
30,2,1979-04-01,1997-02-01,1997-03-01,2006-01-01,"[64, 128, 256, 512]",3,0.0,128,1,0.0003,0.0,32,12,0.5,60,0.39376986026763916,0.6275109052658081,0.479176789522171,0.6446484517881476,0.36648786067962646
30,3,1979-04-01,2006-01-01,2006-02-01,2014-12-01,"[64, 128, 256, 512]",3,0.0,128,1,0.0003,0.0,32,12,0.5,60,0.691997230052948,0.8318638205528259,0.6280441880226135,0.4950690556808772,0.22889864444732666
31,1,1979-04-01,1988-03-01,1988-04-01,1997-02-01,"[64, 128, 256, 512]",5,0.2,512,1,0.0005,0.0001,8,12,1.0,60,0.6536635127023002,0.8084955811500549,0.6629098057746887,0.36084980663828453,-0.021010518074035645
31,2,1979-04-01,1997-02-01,1997-03-01,2006-01-01,"[64, 128, 256, 512]",5,0.2,512,1,0.0005,0.0001,8,12,1.0,60,0.41598755511168006,0.6449730396270752,0.5183746814727783,0.6581192204663022,0.3307390809059143
31,3,1979-04-01,2006-01-01,2006-02-01,2014-12-01,"[64, 128, 256, 512]",5,0.2,512,1,0.0005,0.0001,8,12,1.0,60,0.6668270085459558,0.8165931701660156,0.6722888946533203,0.6813912767535534,0.256949245929718
32,1,1979-04-01,1988-03-01,1988-04-01,1997-02-01,"[64, 128, 256, 512]",3,0.2,128,2,0.0003,0.0001,16,12,1.0,60,0.492768836355655,0.7019749283790588,0.5937168598175049,0.5178121411850531,0.23030591011047363
32,2,1979-04-01,1997-02-01,1997-03-01,2006-01-01,"[64, 128, 256, 512]",3,0.2,128,2,0.0003,0.0001,16,12,1.0,60,0.41195097537798303,0.6418340802192688,0.5222017168998718,0.6649193550438186,0.33723747730255127
32,3,1979-04-01,2006-01-01,2006-02-01,2014-12-01,"[64, 128, 256, 512]",3,0.2,128,2,0.0003,0.0001,16,12,1.0,60,0.7757406234741211,0.8807613253593445,0.6600135564804077,0.40373108818426034,0.13558262586593628
33,1,1979-04-01,1988-03-01,1988-04-01,1997-02-01,"[64, 128, 256, 512]",5,0.4,512,1,0.0005,0.0001,8,12,1.0,60,0.5652429221946502,0.7518262267112732,0.6246594786643982,0.4689657845554017,0.11710339784622192
33,2,1979-04-01,1997-02-01,1997-03-01,2006-01-01,"[64, 128, 256, 512]",5,0.4,512,1,0.0005,0.0001,8,12,1.0,60,0.3463704680728021,0.5885329842567444,0.4742599129676819,0.6751955899281278,0.44274502992630005
33,3,1979-04-01,2006-01-01,2006-02-01,2014-12-01,"[64, 128, 256, 512]",5,0.4,512,1,0.0005,0.0001,8,12,1.0,60,0.6273602447777151,0.7920580506324768,0.6410863399505615,0.5782773953718207,0.3009294867515564
34,1,1979-04-01,1988-03-01,1988-04-01,1997-02-01,"[32, 64, 128]",3,0.0,512,2,0.0005,0.0,8,25,1.0,60,0.6022246775226058,0.7760338187217712,0.5908253192901611,0.32200661662077146,0.05933237075805664
34,2,1979-04-01,1997-02-01,1997-03-01,2006-01-01,"[32, 64, 128]",3,0.0,512,2,0.0005,0.0,8,25,1.0,60,0.3371949964594618,0.5806833505630493,0.4772515594959259,0.7276495053320472,0.4575108289718628
34,3,1979-04-01,2006-01-01,2006-02-01,2014-12-01,"[32, 64, 128]",3,0.0,512,2,0.0005,0.0,8,25,1.0,60,0.7592247223185602,0.8713395595550537,0.6480201482772827,0.41577212921671364,0.15397769212722778
35,1,1979-04-01,1988-03-01,1988-04-01,1997-02-01,"[128, 256, 512]",3,0.0,512,1,0.0005,0.0,16,12,0.5,60,0.5002739501890735,0.7073004841804504,0.5630989670753479,0.48219603111291065,0.2185831069946289
35,2,1979-04-01,1997-02-01,1997-03-01,2006-01-01,"[128, 256, 512]",3,0.0,512,1,0.0005,0.0,16,12,0.5,60,0.3266616179564289,0.5715432167053223,0.4593832492828369,0.6930872465522784,0.4744543433189392
35,3,1979-04-01,2006-01-01,2006-02-01,2014-12-01,"[128, 256, 512]",3,0.0,512,1,0.0005,0.0,16,12,0.5,60,0.8320075017269527,0.9121444821357727,0.675408124923706,0.29961039737667505,0.07288360595703125
36,1,1979-04-01,1988-03-01,1988-04-01,1997-02-01,"[64, 128, 256]",5,0.2,128,2,0.0003,1e-05,32,12,0.5,60,0.5501822829246521,0.741742730140686,0.6094868183135986,0.40469229097261816,0.14062732458114624
36,2,1979-04-01,1997-02-01,1997-03-01,2006-01-01,"[64, 128, 256]",5,0.2,128,2,0.0003,1e-05,32,12,0.5,60,0.3234791159629822,0.5687521696090698,0.48441267013549805,0.7173930607150744,0.4795745611190796
36,3,1979-04-01,2006-01-01,2006-02-01,2014-12-01,"[64, 128, 256]",5,0.2,128,2,0.0003,1e-05,32,12,0.5,60,0.7892242074012756,0.8883829116821289,0.6479510068893433,0.3665683643583328,0.12055766582489014
37,1,1979-04-01,1988-03-01,1988-04-01,1997-02-01,"[64, 128, 256, 512]",3,0.2,128,2,0.0005,0.0,16,12,0.5,60,0.5680600321181467,0.7536975741386414,0.6348810791969299,0.4066713491015705,0.11270266771316528
37,2,1979-04-01,1997-02-01,1997-03-01,2006-01-01,"[64, 128, 256, 512]",3,0.2,128,2,0.0005,0.0,16,12,0.5,60,0.5244071216226738,0.7241595387458801,0.5985084772109985,0.7358616246190884,0.156313955783844
37,3,1979-04-01,2006-01-01,2006-02-01,2014-12-01,"[64, 128, 256, 512]",3,0.2,128,2,0.0005,0.0,16,12,0.5,60,0.8374268685545877,0.9151103496551514,0.7221779227256775,0.3201063397043277,0.06684482097625732
38,1,1979-04-01,1988-03-01,1988-04-01,1997-02-01,"[64, 128, 256]",3,0.4,512,2,0.001,1e-05,8,25,1.0,60,0.5489616427466134,0.7409161329269409,0.6165985465049744,0.4426731243456378,0.14254158735275269
38,2,1979-04-01,1997-02-01,1997-03-01,2006-01-01,"[64, 128, 256]",3,0.4,512,2,0.001,1e-05,8,25,1.0,60,0.3745345737889548,0.611992597579956,0.5234436392784119,0.6927269823182768,0.397433876991272
38,3,1979-04-01,2006-01-01,2006-02-01,2014-12-01,"[64, 128, 256]",3,0.4,512,2,0.001,1e-05,8,25,1.0,60,0.7404665701857237,0.8605045676231384,0.6617489457130432,0.447996657591677,0.17488718032836914
39,1,1979-04-01,1988-03-01,1988-04-01,1997-02-01,"[64, 128, 256, 512]",5,0.0,128,1,0.0005,1e-05,8,12,0.5,60,0.576383677598472,0.7592020034790039,0.586555540561676,0.5197133227246351,0.09969514608383179
39,2,1979-04-01,1997-02-01,1997-03-01,2006-01-01,"[64, 128, 256, 512]",5,0.0,128,1,0.0005,1e-05,8,12,0.5,60,0.3917966886101482,0.6259348392486572,0.46986693143844604,0.647959233259139,0.3696661591529846
39,3,1979-04-01,2006-01-01,2006-02-01,2014-12-01,"[64, 128, 256, 512]",5,0.0,128,1,0.0005,1e-05,8,12,0.5,60,0.6039553089676616,0.777149498462677,0.5829652547836304,0.5843867050702723,0.32699835300445557
40,1,1979-04-01,1988-03-01,1988-04-01,1997-02-01,"[64, 128, 256, 512]",5,0.2,512,2,0.0005,0.0,32,25,0.5,60,0.508260190486908,0.7129237055778503,0.5663599967956543,0.5091225919380757,0.2061086893081665
40,2,1979-04-01,1997-02-01,1997-03-01,2006-01-01,"[64, 128, 256, 512]",5,0.2,512,2,0.0005,0.0,32,25,0.5,60,0.38091591000556946,0.6171838641166687,0.4851692020893097,0.7390256776053733,0.38716787099838257
40,3,1979-04-01,2006-01-01,2006-02-01,2014-12-01,"[64, 128, 256, 512]",5,0.2,512,2,0.0005,0.0,32,25,0.5,60,0.7248921990394592,0.851405918598175,0.6085594296455383,0.5018475043455186,0.1922438144683838
41,1,1979-04-01,1988-03-01,1988-04-01,1997-02-01,"[128, 256, 512]",3,0.4,256,2,0.001,0.0,32,25,1.0,60,0.5594123601913452,0.7479389309883118,0.6252913475036621,0.4448887698815424,0.12620973587036133
41,2,1979-04-01,1997-02-01,1997-03-01,2006-01-01,"[128, 256, 512]",3,0.4,256,2,0.001,0.0,32,25,1.0,60,0.28795236349105835,0.5366121530532837,0.4268527925014496,0.7445257079754094,0.5367308855056763
41,3,1979-04-01,2006-01-01,2006-02-01,2014-12-01,"[128, 256, 512]",3,0.4,256,2,0.001,0.0,32,25,1.0,60,0.7650431990623474,0.8746684789657593,0.6296234726905823,0.4183683182441486,0.1475008726119995
42,1,1979-04-01,1988-03-01,1988-04-01,1997-02-01,"[128, 256, 512]",3,0.2,128,2,0.0003,0.0,16,12,1.0,60,0.5856596660391192,0.7652840614318848,0.594124436378479,0.40800950779138506,0.08521246910095215
42,2,1979-04-01,1997-02-01,1997-03-01,2006-01-01,"[128, 256, 512]",3,0.2,128,2,0.0003,0.0,16,12,1.0,60,0.36543568495278045,0.6045127511024475,0.5062806010246277,0.7351190038138098,0.4120730757713318
42,3,1979-04-01,2006-01-01,2006-02-01,2014-12-01,"[128, 256, 512]",3,0.2,128,2,0.0003,0.0,16,12,1.0,60,0.8746568159522298,0.9352309703826904,0.6847673654556274,0.18386170123799034,0.025358974933624268
43,1,1979-04-01,1988-03-01,1988-04-01,1997-02-01,"[64, 128, 256, 512]",5,0.2,128,1,0.001,1e-05,16,12,0.5,60,0.657086966193725,0.810608983039856,0.6070001721382141,0.34680596883067505,-0.026355385780334473
43,2,1979-04-01,1997-02-01,1997-03-01,2006-01-01,"[64, 128, 256, 512]",5,0.2,128,1,0.001,1e-05,16,12,0.5,60,0.6314391432521499,0.7946314215660095,0.6158574223518372,0.6253210027659528,-0.015883326530456543
43,3,1979-04-01,2006-01-01,2006-02-01,2014-12-01,"[64, 128, 256, 512]",5,0.2,128,1,0.001,1e-05,16,12,0.5,60,0.7007743161972438,0.8371226191520691,0.6591361165046692,0.5250345367025396,0.21911847591400146
44,1,1979-04-01,1988-03-01,1988-04-01,1997-02-01,"[128, 256, 512]",5,0.0,128,2,0.001,0.0,32,12,1.0,60,0.6460782289505005,0.8037899732589722,0.692244291305542,0.4482600873666008,-0.009160161018371582
44,2,1979-04-01,1997-02-01,1997-03-01,2006-01-01,"[128, 256, 512]",5,0.0,128,2,0.001,0.0,32,12,1.0,60,0.3815097510814667,0.6176648139953613,0.47289228439331055,0.6900907973084942,0.38621240854263306
44,3,1979-04-01,2006-01-01,2006-02-01,2014-12-01,"[128, 256, 512]",5,0.0,128,2,0.001,0.0,32,12,1.0,60,0.7132653594017029,0.8445504307746887,0.6371783018112183,0.5158727953238947,0.2051994800567627
45,1,1979-04-01,1988-03-01,1988-04-01,1997-02-01,"[32, 64, 128]",3,0.4,128,2,0.001,1e-05,32,12,0.5,60,0.5329582095146179,0.7300398349761963,0.5919411778450012,0.44574731314568217,0.1675310730934143
45,2,1979-04-01,1997-02-01,1997-03-01,2006-01-01,"[32, 64, 128]",3,0.4,128,2,0.001,1e-05,32,12,0.5,60,0.29579389095306396,0.5438693761825562,0.4453590512275696,0.7302155611463877,0.5241154432296753
45,3,1979-04-01,2006-01-01,2006-02-01,2014-12-01,"[32, 64, 128]",3,0.4,128,2,0.001,1e-05,32,12,0.5,60,0.8291617631912231,0.9105834364891052,0.6795583963394165,0.33233463009853925,0.07605427503585815
46,1,1979-04-01,1988-03-01,1988-04-01,1997-02-01,"[64, 128, 256, 512]",5,0.2,128,2,0.001,1e-05,8,12,1.0,60,0.4896402893779434,0.69974285364151,0.5725572109222412,0.5763634245113559,0.23519301414489746
46,2,1979-04-01,1997-02-01,1997-03-01,2006-01-01,"[64, 128, 256, 512]",5,0.2,128,2,0.001,1e-05,8,12,1.0,60,0.4348926850568468,0.6594606041908264,0.5245397090911865,0.752229786938316,0.3003351092338562
46,3,1979-04-01,2006-01-01,2006-02-01,2014-12-01,"[64, 128, 256, 512]",5,0.2,128,2,0.001,1e-05,8,12,1.0,60,0.6452768801528717,0.8032909035682678,0.6231608986854553,0.6191518443749571,0.28096067905426025
47,1,1979-04-01,1988-03-01,1988-04-01,1997-02-01,"[128, 256, 512]",3,0.0,256,1,0.001,1e-05,16,12,1.0,60,0.6707451181991078,0.8189902901649475,0.6880359053611755,0.439924117095853,-0.047689199447631836
47,2,1979-04-01,1997-02-01,1997-03-01,2006-01-01,"[128, 256, 512]",3,0.0,256,1,0.001,1e-05,16,12,1.0,60,0.3252682190075099,0.5703229308128357,0.44640180468559265,0.7150850875431352,0.4766960144042969
47,3,1979-04-01,2006-01-01,2006-02-01,2014-12-01,"[128, 256, 512]",3,0.0,256,1,0.001,1e-05,16,12,1.0,60,0.8154111532407387,0.9030011892318726,0.6506189107894897,0.3064153062131957,0.09137719869613647
48,1,1979-04-01,1988-03-01,1988-04-01,1997-02-01,"[64, 128, 256, 512]",3,0.2,256,2,0.001,0.0,8,25,1.0,60,0.47447024661803916,0.6888220310211182,0.5888947248458862,0.5326388121241454,0.25887924432754517
48,2,1979-04-01,1997-02-01,1997-03-01,2006-01-01,"[64, 128, 256, 512]",3,0.2,256,2,0.001,0.0,8,25,1.0,60,0.45513953505275406,0.6746394634246826,0.5618592500686646,0.7060539789499448,0.267755925655365
48,3,1979-04-01,2006-01-01,2006-02-01,2014-12-01,"[64, 128, 256, 512]",3,0.2,256,2,0.001,0.0,8,25,1.0,60,0.7673712378350374,0.8760220408439636,0.679326593875885,0.42542922177170117,0.1448603868484497
49,1,1979-04-01,1988-03-01,1988-04-01,1997-02-01,"[128, 256, 512]",5,0.0,128,2,0.0003,0.0001,16,25,0.5,60,0.5480580274189744,0.7403093576431274,0.6181932091712952,0.5173213713129057,0.14394545555114746
49,2,1979-04-01,1997-02-01,1997-03-01,2006-01-01,"[128, 256, 512]",5,0.0,128,2,0.0003,0.0001,16,25,0.5,60,0.3039640310768769,0.5513293147087097,0.4517860412597656,0.7405859664057151,0.5109710693359375
49,3,1979-04-01,2006-01-01,2006-02-01,2014-12-01,"[128, 256, 512]",5,0.0,128,2,0.0003,0.0001,16,25,0.5,60,0.7566320132986407,0.869845986366272,0.6724206805229187,0.42833506559439416,0.15687543153762817
50,1,1979-04-01,1988-03-01,1988-04-01,1997-02-01,"[64, 128, 256]",3,0.0,256,2,0.0003,1e-05,32,12,1.0,60,0.5607135891914368,0.7488080859184265,0.6099147796630859,0.35798523811535016,0.12417769432067871
50,2,1979-04-01,1997-02-01,1997-03-01,2006-01-01,"[64, 128, 256]",3,0.0,256,2,0.0003,1e-05,32,12,1.0,60,0.3358229100704193,0.579502284526825,0.47772911190986633,0.7415367007830502,0.45971524715423584
50,3,1979-04-01,2006-01-01,2006-02-01,2014-12-01,"[64, 128, 256]",3,0.0,256,2,0.0003,1e-05,32,12,1.0,60,0.8295719027519226,0.9108083844184875,0.6882055997848511,0.33953694068779133,0.07559776306152344
51,1,1979-04-01,1988-03-01,1988-04-01,1997-02-01,"[128, 256, 512]",3,0.0,128,1,0.0003,1e-05,8,25,0.5,60,0.5626518726348877,0.7501027584075928,0.6304565668106079,0.4847868572382775,0.121146559715271
51,2,1979-04-01,1997-02-01,1997-03-01,2006-01-01,"[128, 256, 512]",3,0.0,128,1,0.0003,1e-05,8,25,0.5,60,0.5191990142670747,0.720543622970581,0.5863307118415833,0.6256493999261624,0.1647183895111084
51,3,1979-04-01,2006-01-01,2006-02-01,2014-12-01,"[128, 256, 512]",3,0.0,128,1,0.0003,1e-05,8,25,0.5,60,0.8209485762587218,0.906067430973053,0.6575473546981812,0.35238920091054166,0.08519607782363892
52,1,1979-04-01,1988-03-01,1988-04-01,1997-02-01,"[128, 256, 512]",5,0.2,128,1,0.0005,0.0001,8,12,0.5,60,0.5168319294385821,0.7189074754714966,0.6251884698867798,0.49342933686015983,0.19272607564926147
52,2,1979-04-01,1997-02-01,1997-03-01,2006-01-01,"[128, 256, 512]",5,0.2,128,1,0.0005,0.0001,8,12,0.5,60,0.441110317952165,0.6641627550125122,0.5391780734062195,0.6425123547952502,0.2903220057487488
52,3,1979-04-01,2006-01-01,2006-02-01,2014-12-01,"[128, 256, 512]",5,0.2,128,1,0.0005,0.0001,8,12,0.5,60,0.6589387644117124,0.811755359172821,0.5752245783805847,0.5655323502613817,0.2657274603843689
53,1,1979-04-01,1988-03-01,1988-04-01,1997-02-01,"[32, 64, 128]",3,0.2,512,2,0.0005,0.0,16,25,1.0,60,0.5643868524337483,0.7512568831443787,0.6187312602996826,0.40522771071739994,0.11844009160995483
53,2,1979-04-01,1997-02-01,1997-03-01,2006-01-01,"[32, 64, 128]",3,0.2,512,2,0.0005,0.0,16,25,1.0,60,0.4109949347014739,0.6410888433456421,0.5272966027259827,0.72235014518412,0.3387756943702698
53,3,1979-04-01,2006-01-01,2006-02-01,2014-12-01,"[32, 64, 128]",3,0.2,512,2,0.0005,0.0,16,25,1.0,60,0.7730962706503467,0.879258930683136,0.6582075357437134,0.4100549073466354,0.1385292410850525
54,1,1979-04-01,1988-03-01,1988-04-01,1997-02-01,"[64, 128, 256, 512]",5,0.0,512,1,0.001,1e-05,32,25,0.5,60,0.6138818264007568,0.7835060954093933,0.5945653319358826,0.3874078370821005,0.04113006591796875
54,2,1979-04-01,1997-02-01,1997-03-01,2006-01-01,"[64, 128, 256, 512]",5,0.0,512,1,0.001,1e-05,32,25,0.5,60,0.5713043808937073,0.7558467388153076,0.6436192393302917,0.3814545586380358,0.0808638334274292
54,3,1979-04-01,2006-01-01,2006-02-01,2014-12-01,"[64, 128, 256, 512]",5,0.0,512,1,0.001,1e-05,32,25,0.5,60,0.7918321490287781,0.8898499608039856,0.7098284363746643,0.44084645450494286,0.11765068769454956
55,1,1979-04-01,1988-03-01,1988-04-01,1997-02-01,"[64, 128, 256, 512]",5,0.2,256,1,0.001,0.0,32,12,1.0,60,0.8869648575782776,0.9417884945869446,0.7419134974479675,0.4508113325192406,-0.38542068004608154
55,2,1979-04-01,1997-02-01,1997-03-01,2006-01-01,"[64, 128, 256, 512]",5,0.2,256,1,0.001,0.0,32,12,1.0,60,0.43665996193885803,0.6608026623725891,0.5348291993141174,0.5828189605340605,0.29748445749282837
55,3,1979-04-01,2006-01-01,2006-02-01,2014-12-01,"[64, 128, 256, 512]",5,0.2,256,1,0.001,0.0,32,12,1.0,60,0.7239611148834229,0.8508591651916504,0.6587030291557312,0.45496557679709493,0.19328093528747559
56,1,1979-04-01,1988-03-01,1988-04-01,1997-02-01,"[64, 128, 256, 512]",5,0.4,512,1,0.0003,1e-05,8,12,1.0,60,0.7308905659434951,0.8549160957336426,0.6772981882095337,0.4188954245287156,-0.14162087440490723
56,2,1979-04-01,1997-02-01,1997-03-01,2006-01-01,"[64, 128, 256, 512]",5,0.4,512,1,0.0003,1e-05,8,12,1.0,60,0.438662260213745,0.6623144149780273,0.5645991563796997,0.5815921487247352,0.29426640272140503
56,3,1979-04-01,2006-01-01,2006-02-01,2014-12-01,"[64, 128, 256, 512]",5,0.4,512,1,0.0003,1e-05,8,12,1.0,60,0.6574596511983426,0.8108277320861816,0.5416078567504883,0.51867287343956,0.26740461587905884
57,1,1979-04-01,1988-03-01,1988-04-01,1997-02-01,"[64, 128, 256]",5,0.4,512,2,0.0005,0.0,8,12,1.0,60,0.5020621480228745,0.708563506603241,0.5885535478591919,0.5041885721229036,0.21578991413116455
57,2,1979-04-01,1997-02-01,1997-03-01,2006-01-01,"[64, 128, 256]",5,0.4,512,2,0.0005,0.0,8,12,1.0,60,0.3322111567325681,0.5763775706291199,0.4731405973434448,0.6875490798921539,0.4655260443687439
57,3,1979-04-01,2006-01-01,2006-02-01,2014-12-01,"[64, 128, 256]",5,0.4,512,2,0.0005,0.0,8,12,1.0,60,0.7286964220421337,0.8536362051963806,0.6769019961357117,0.5099546689102444,0.18800634145736694
58,1,1979-04-01,1988-03-01,1988-04-01,1997-02-01,"[64, 128, 256]",5,0.2,512,1,0.0005,0.0,16,25,1.0,60,0.6339740480217978,0.79622483253479,0.6564076542854309,0.47730609802727364,0.0097464919090271
58,2,1979-04-01,1997-02-01,1997-03-01,2006-01-01,"[64, 128, 256]",5,0.2,512,1,0.0005,0.0,16,25,1.0,60,0.3870701015552628,0.6221495866775513,0.4847255349159241,0.7164180155703371,0.37726688385009766
58,3,1979-04-01,2006-01-01,2006-02-01,2014-12-01,"[64, 128, 256]",5,0.2,512,1,0.0005,0.0,16,25,1.0,60,0.7539997362644872,0.8683316111564636,0.6334656476974487,0.4172646984822254,0.15980863571166992
59,1,1979-04-01,1988-03-01,1988-04-01,1997-02-01,"[128, 256, 512]",3,0.0,512,1,0.001,1e-05,32,25,1.0,60,0.6326308250427246,0.7953818440437317,0.6711254119873047,0.4979020432601294,0.011842191219329834
59,2,1979-04-01,1997-02-01,1997-03-01,2006-01-01,"[128, 256, 512]",3,0.0,512,1,0.001,1e-05,32,25,1.0,60,0.4280206859111786,0.6542328000068665,0.49751949310302734,0.6921733385593347,0.3113842010498047
59,3,1979-04-01,2006-01-01,2006-02-01,2014-12-01,"[128, 256, 512]",3,0.0,512,1,0.001,1e-05,32,25,1.0,60,0.8125592470169067,0.9014216661453247,0.6829286813735962,0.30905578007195733,0.09455323219299316
60,1,1979-04-01,1988-03-01,1988-04-01,1997-02-01,"[128, 256, 512]",3,0.2,512,2,0.0003,0.0,16,12,0.5,60,0.5607041878120922,0.7488018870353699,0.5836597681045532,0.4293616334254934,0.12419235706329346
60,2,1979-04-01,1997-02-01,1997-03-01,2006-01-01,"[128, 256, 512]",3,0.2,512,2,0.0003,0.0,16,12,0.5,60,0.3383666073607507,0.5816928744316101,0.45931684970855713,0.6885462478062766,0.45562297105789185
60,3,1979-04-01,2006-01-01,2006-02-01,2014-12-01,"[128, 256, 512]",3,0.2,512,2,0.0003,0.0,16,12,0.5,60,0.7408153581842084,0.8607063293457031,0.6067792773246765,0.4198577468888326,0.1745002269744873
61,1,1979-04-01,1988-03-01,1988-04-01,1997-02-01,"[128, 256, 512]",3,0.4,256,1,0.0003,0.0,8,12,0.5,60,0.5646106940563594,0.7514071464538574,0.6444788575172424,0.47388034711171934,0.11808741092681885
61,2,1979-04-01,1997-02-01,1997-03-01,2006-01-01,"[128, 256, 512]",3,0.4,256,1,0.0003,0.0,8,12,0.5,60,0.38521224427446027,0.6206557154655457,0.5324175953865051,0.7619763940886496,0.38025373220443726
61,3,1979-04-01,2006-01-01,2006-02-01,2014-12-01,"[128, 256, 512]",3,0.4,256,1,0.0003,0.0,8,12,0.5,60,0.7473535827387159,0.8645094633102417,0.6528410315513611,0.41743186579352504,0.16718900203704834
62,1,1979-04-01,1988-03-01,1988-04-01,1997-02-01,"[32, 64, 128]",5,0.0,512,2,0.001,0.0,16,25,1.0,60,0.6304044662234939,0.7939801812171936,0.6406011581420898,0.3147147617015405,0.015321969985961914
62,2,1979-04-01,1997-02-01,1997-03-01,2006-01-01,"[32, 64, 128]",5,0.0,512,2,0.001,0.0,16,25,1.0,60,0.4519554449019031,0.6722763180732727,0.5349485278129578,0.6990486091619664,0.2728768587112427
62,3,1979-04-01,2006-01-01,2006-02-01,2014-12-01,"[32, 64, 128]",5,0.0,512,2,0.001,0.0,16,25,1.0,60,0.7837005001362239,0.8852686285972595,0.678071916103363,0.3759621246203503,0.12671273946762085
63,1,1979-04-01,1988-03-01,1988-04-01,1997-02-01,"[32, 64, 128]",5,0.2,256,1,0.001,0.0,32,25,1.0,60,0.5720487236976624,0.7563390731811523,0.5749523043632507,0.3618910178135536,0.10647237300872803
63,2,1979-04-01,1997-02-01,1997-03-01,2006-01-01,"[32, 64, 128]",5,0.2,256,1,0.001,0.0,32,25,1.0,60,0.34466907382011414,0.5870850086212158,0.46958979964256287,0.7495511704671842,0.44548362493515015
63,3,1979-04-01,2006-01-01,2006-02-01,2014-12-01,"[32, 64, 128]",5,0.2,256,1,0.001,0.0,32,25,1.0,60,0.6784165501594543,0.8236606121063232,0.5656176805496216,0.5110335356252883,0.24403172731399536
64,1,1979-04-01,1988-03-01,1988-04-01,1997-02-01,"[64, 128, 256, 512]",5,0.2,128,1,0.001,1e-05,32,25,0.5,60,0.746537446975708,0.8640241026878357,0.6828221082687378,0.510203738550304,-0.1660754680633545
64,2,1979-04-01,1997-02-01,1997-03-01,2006-01-01,"[64, 128, 256, 512]",5,0.2,128,1,0.001,1e-05,32,25,0.5,60,0.5005332827568054,0.7074838876724243,0.6041383147239685,0.44560110066455044,0.19472265243530273
64,3,1979-04-01,2006-01-01,2006-02-01,2014-12-01,"[64, 128, 256, 512]",5,0.2,128,1,0.001,1e-05,32,25,0.5,60,0.7031735181808472,0.8385543823242188,0.6087676286697388,0.4767395390392036,0.21644502878189087
65,1,1979-04-01,1988-03-01,1988-04-01,1997-02-01,"[32, 64, 128]",5,0.0,512,2,0.0005,0.0001,32,25,1.0,60,0.5446517467498779,0.7380052208900452,0.5899308919906616,0.4265216070221306,0.14926594495773315
65,2,1979-04-01,1997-02-01,1997-03-01,2006-01-01,"[32, 64, 128]",5,0.0,512,2,0.0005,0.0001,32,25,1.0,60,0.3303327262401581,0.5747458338737488,0.48546531796455383,0.7438300733609811,0.468548059463501
65,3,1979-04-01,2006-01-01,2006-02-01,2014-12-01,"[32, 64, 128]",5,0.0,512,2,0.0005,0.0001,32,25,1.0,60,0.7598972916603088,0.871721088886261,0.6326503753662109,0.40578147067036985,0.15323656797409058
66,1,1979-04-01,1988-03-01,1988-04-01,1997-02-01,"[128, 256, 512]",5,0.4,128,2,0.001,0.0,16,12,0.5,60,0.566245752517308,0.7524930238723755,0.6016523241996765,0.520057901274711,0.11553651094436646
66,2,1979-04-01,1997-02-01,1997-03-01,2006-01-01,"[128, 256, 512]",5,0.4,128,2,0.001,0.0,16,12,0.5,60,0.3365463377716385,0.580126166343689,0.4585314989089966,0.7223569390245121,0.45855140686035156
66,3,1979-04-01,2006-01-01,2006-02-01,2014-12-01,"[128, 256, 512]",5,0.4,128,2,0.001,0.0,16,12,0.5,60,0.720042468231415,0.8485531806945801,0.5987635850906372,0.45937719140160327,0.19764769077301025
67,1,1979-04-01,1988-03-01,1988-04-01,1997-02-01,"[64, 128, 256]",5,0.4,512,2,0.0005,1e-05,32,25,1.0,60,0.5771805644035339,0.759723961353302,0.6102418303489685,0.48036638058849296,0.09845668077468872
67,2,1979-04-01,1997-02-01,1997-03-01,2006-01-01,"[64, 128, 256]",5,0.4,512,2,0.0005,1e-05,32,25,1.0,60,0.30378714203834534,0.5511688590049744,0.46139758825302124,0.7222002653956424,0.51125568151474
67,3,1979-04-01,2006-01-01,2006-02-01,2014-12-01,"[64, 128, 256]",5,0.4,512,2,0.0005,1e-05,32,25,1.0,60,0.7575362324714661,0.8703656196594238,0.6219991445541382,0.3949639665675281,0.1558678150177002
68,1,1979-04-01,1988-03-01,1988-04-01,1997-02-01,"[64, 128, 256, 512]",3,0.0,128,2,0.0005,0.0,16,12,0.5,60,0.4661081527995172,0.6827211380004883,0.562154233455658,0.5331726203407436,0.27194929122924805
68,2,1979-04-01,1997-02-01,1997-03-01,2006-01-01,"[64, 128, 256, 512]",3,0.0,128,2,0.0005,0.0,16,12,0.5,60,0.29665097120766326,0.5446566939353943,0.4248075485229492,0.7524486561276111,0.522736668586731
68,3,1979-04-01,2006-01-01,2006-02-01,2014-12-01,"[64, 128, 256, 512]",3,0.0,128,2,0.0005,0.0,16,12,0.5,60,0.8354275761363662,0.9140173196792603,0.7442219257354736,0.4960933823875154,0.06907260417938232
69,1,1979-04-01,1988-03-01,1988-04-01,1997-02-01,"[64, 128, 256]",5,0.0,256,2,0.0005,0.0001,8,12,1.0,60,0.5739606552034895,0.7575942277908325,0.6340285539627075,0.4918025929312991,0.1035042405128479
69,2,1979-04-01,1997-02-01,1997-03-01,2006-01-01,"[64, 128, 256]",5,0.0,256,2,0.0005,0.0001,8,12,1.0,60,0.3656894138483244,0.6047238111495972,0.47820430994033813,0.7203245315407442,0.4116625189781189
69,3,1979-04-01,2006-01-01,2006-02-01,2014-12-01,"[64, 128, 256]",5,0.0,256,2,0.0005,0.0001,8,12,1.0,60,0.6864036689294832,0.8284888863563538,0.5524072647094727,0.5036683806184382,0.23514282703399658
70,1,1979-04-01,1988-03-01,1988-04-01,1997-02-01,"[128, 256, 512]",3,0.0,512,2,0.001,1e-05,16,12,0.5,60,0.5725927843111698,0.7566986083984375,0.6150822639465332,0.4442347838002193,0.10562264919281006
70,2,1979-04-01,1997-02-01,1997-03-01,2006-01-01,"[128, 256, 512]",3,0.0,512,2,0.001,1e-05,16,12,0.5,60,0.38944192495301505,0.6240528225898743,0.5131330490112305,0.705336935018887,0.37345099449157715
70,3,1979-04-01,2006-01-01,2006-02-01,2014-12-01,"[128, 256, 512]",3,0.0,512,2,0.001,1e-05,16,12,0.5,60,0.7330890643262418,0.8562061786651611,0.6423509120941162,0.48382370238242645,0.1831098198890686
71,1,1979-04-01,1988-03-01,1988-04-01,1997-02-01,"[64, 128, 256, 512]",3,0.2,256,2,0.0003,1e-05,16,25,0.5,60,0.451680630166954,0.6720718741416931,0.5467052459716797,0.5950218528515588,0.29448479413986206
71,2,1979-04-01,1997-02-01,1997-03-01,2006-01-01,"[64, 128, 256, 512]",3,0.2,256,2,0.0003,1e-05,16,25,0.5,60,0.4486873991021486,0.6698413491249084,0.5018121600151062,0.659668927273138,0.2781345844268799
71,3,1979-04-01,2006-01-01,2006-02-01,2014-12-01,"[64, 128, 256, 512]",3,0.2,256,2,0.0003,1e-05,16,25,0.5,60,0.8544080012312559,0.9243419170379639,0.6584473252296448,0.3455466984349954,0.04792255163192749
72,1,1979-04-01,1988-03-01,1988-04-01,1997-02-01,"[32, 64, 128]",3,0.2,256,2,0.001,1e-05,8,25,0.5,60,0.491591103723116,0.7011200189590454,0.5665953159332275,0.5276069767076167,0.23217958211898804
72,2,1979-04-01,1997-02-01,1997-03-01,2006-01-01,"[32, 64, 128]",3,0.2,256,2,0.001,1e-05,8,25,0.5,60,0.3009628830390556,0.5486007332801819,0.4530555009841919,0.7313333044996143,0.5157995820045471
72,3,1979-04-01,2006-01-01,2006-02-01,2014-12-01,"[32, 64, 128]",3,0.2,256,2,0.001,1e-05,8,25,0.5,60,0.7415895551164574,0.8611549139022827,0.6817904114723206,0.48628934146576597,0.1736394166946411
73,1,1979-04-01,1988-03-01,1988-04-01,1997-02-01,"[128, 256, 512]",3,0.0,128,1,0.0003,1e-05,32,25,1.0,60,0.48069605231285095,0.6933223009109497,0.5726810693740845,0.5346714053724908,0.24916374683380127
73,2,1979-04-01,1997-02-01,1997-03-01,2006-01-01,"[128, 256, 512]",3,0.0,128,1,0.0003,1e-05,32,25,1.0,60,0.3808871805667877,0.6171606779098511,0.529864490032196,0.6873140358412022,0.3872140049934387
73,3,1979-04-01,2006-01-01,2006-02-01,2014-12-01,"[128, 256, 512]",3,0.0,128,1,0.0003,1e-05,32,25,1.0,60,0.8182936310768127,0.9045968055725098,0.6484889984130859,0.3101779146355468,0.08816325664520264
74,1,1979-04-01,1988-03-01,1988-04-01,1997-02-01,"[64, 128, 256]",5,0.2,256,2,0.001,0.0001,16,12,1.0,60,0.5790585051073092,0.7609589099884033,0.6456397771835327,0.45453168600575106,0.0955234169960022
74,2,1979-04-01,1997-02-01,1997-03-01,2006-01-01,"[64, 128, 256]",5,0.2,256,2,0.001,0.0001,16,12,1.0,60,0.42840844448481763,0.6545292139053345,0.5389260053634644,0.6213979448539795,0.3107600808143616
74,3,1979-04-01,2006-01-01,2006-02-01,2014-12-01,"[64, 128, 256]",5,0.2,256,2,0.001,0.0001,16,12,1.0,60,0.74579069937501,0.863591730594635,0.6614512801170349,0.481546839024169,0.16895616054534912
75,1,1979-04-01,1988-03-01,1988-04-01,1997-02-01,"[128, 256, 512]",5,0.4,512,2,0.0003,0.0001,16,25,1.0,60,0.5773026959918369,0.759804368019104,0.6284948587417603,0.368769377793675,0.0982658863067627
75,2,1979-04-01,1997-02-01,1997-03-01,2006-01-01,"[128, 256, 512]",5,0.4,512,2,0.0003,0.0001,16,25,1.0,60,0.478457824092045,0.6917064785957336,0.530178427696228,0.7158704233634854,0.23023879528045654
75,3,1979-04-01,2006-01-01,2006-02-01,2014-12-01,"[128, 256, 512]",5,0.4,512,2,0.0003,0.0001,16,25,1.0,60,0.8161555166556457,0.9034133553504944,0.6928064227104187,0.3172965327539709,0.09054756164550781
76,1,1979-04-01,1988-03-01,1988-04-01,1997-02-01,"[64, 128, 256, 512]",3,0.2,256,2,0.0005,0.0,16,12,1.0,60,0.5163123540789167,0.7185487747192383,0.6103367805480957,0.5288865129385287,0.19353145360946655
76,2,1979-04-01,1997-02-01,1997-03-01,2006-01-01,"[64, 128, 256, 512]",3,0.2,256,2,0.0005,0.0,16,12,1.0,60,0.28923229162938124,0.5378031730651855,0.43387675285339355,0.771518569657596,0.5346720814704895
76,3,1979-04-01,2006-01-01,2006-02-01,2014-12-01,"[64, 128, 256, 512]",3,0.2,256,2,0.0005,0.0,16,12,1.0,60,0.7931141970313598,0.8905695676803589,0.6651032567024231,0.34777975666187005,0.11622297763824463
77,1,1979-04-01,1988-03-01,1988-04-01,1997-02-01,"[128, 256, 512]",3,0.2,128,2,0.0005,0.0001,16,25,0.5,60,0.5243400624979322,0.7241132855415344,0.5827360153198242,0.429413166582314,0.18099236488342285
77,2,1979-04-01,1997-02-01,1997-03-01,2006-01-01,"[128, 256, 512]",3,0.2,128,2,0.0005,0.0001,16,25,0.5,60,0.3459014377304327,0.5881338119506836,0.4683291018009186,0.6838932321891888,0.4435006380081177
77,3,1979-04-01,2006-01-01,2006-02-01,2014-12-01,"[128, 256, 512]",3,0.2,128,2,0.0005,0.0001,16,25,0.5,60,0.844607501386482,0.9190253019332886,0.6426830291748047,0.31632522726452517,0.05884331464767456
78,1,1979-04-01,1988-03-01,1988-04-01,1997-02-01,"[128, 256, 512]",3,0.2,128,1,0.001,1e-05,16,12,1.0,60,0.5638717680333931,0.7509139180183411,0.5930871367454529,0.5136983203178012,0.11924469470977783
78,2,1979-04-01,1997-02-01,1997-03-01,2006-01-01,"[128, 256, 512]",3,0.2,128,1,0.001,1e-05,16,12,1.0,60,0.4984315516792725,0.7059968709945679,0.5647095441818237,0.7332805868862559,0.19810432195663452
78,3,1979-04-01,2006-01-01,2006-02-01,2014-12-01,"[128, 256, 512]",3,0.2,128,1,0.001,1e-05,16,12,1.0,60,0.8377623151395922,0.9152935743331909,0.6834477782249451,0.27157993715261186,0.06647109985351562
79,1,1979-04-01,1988-03-01,1988-04-01,1997-02-01,"[32, 64, 128]",5,0.0,256,1,0.001,0.0,32,12,1.0,60,0.7060355544090271,0.8402587175369263,0.6730867028236389,0.4371130386813352,-0.10281074047088623
79,2,1979-04-01,1997-02-01,1997-03-01,2006-01-01,"[32, 64, 128]",5,0.0,256,1,0.001,0.0,32,12,1.0,60,0.4098052978515625,0.6401602029800415,0.5210660099983215,0.6794485759160579,0.3406899571418762
79,3,1979-04-01,2006-01-01,2006-02-01,2014-12-01,"[32, 64, 128]",5,0.0,256,1,0.001,0.0,32,12,1.0,60,0.8534514307975769,0.9238243103027344,0.6693721413612366,0.2590152277838676,0.048988521099090576
80,1,1979-04-01,1988-03-01,1988-04-01,1997-02-01,"[64, 128, 256]",5,0.2,256,1,0.0003,0.0,32,25,0.5,60,0.5460771322250366,0.7389702796936035,0.5847598910331726,0.40177249529138753,0.14703965187072754
80,2,1979-04-01,1997-02-01,1997-03-01,2006-01-01,"[64, 128, 256]",5,0.2,256,1,0.0003,0.0,32,25,0.5,60,0.4165731370449066,0.6454247832298279,0.5433105230331421,0.7486148795733135,0.3298012614250183
80,3,1979-04-01,2006-01-01,2006-02-01,2014-12-01,"[64, 128, 256]",5,0.2,256,1,0.0003,0.0,32,25,0.5,60,0.7991374135017395,0.8939447999000549,0.6276947259902954,0.34818139908628987,0.10951131582260132
81,1,1979-04-01,1988-03-01,1988-04-01,1997-02-01,"[128, 256, 512]",3,0.4,128,1,0.0003,0.0001,16,12,0.5,60,0.5381958640624429,0.7336183786392212,0.5874814987182617,0.4389959869821831,0.15934979915618896
81,2,1979-04-01,1997-02-01,1997-03-01,2006-01-01,"[128, 256, 512]",3,0.4,128,1,0.0003,0.0001,16,12,0.5,60,0.3542002085770402,0.5951471924781799,0.48194578289985657,0.7304087604884151,0.4301491975784302
81,3,1979-04-01,2006-01-01,2006-02-01,2014-12-01,"[128, 256, 512]",3,0.4,128,1,0.0003,0.0001,16,12,0.5,60,0.7727290241517754,0.8790501356124878,0.6236900687217712,0.37374641615204957,0.13893836736679077
82,1,1979-04-01,1988-03-01,1988-04-01,1997-02-01,"[32, 64, 128]",5,0.0,512,1,0.001,1e-05,8,12,0.5,60,0.6047342792849675,0.7776437997817993,0.619343638420105,0.3441335797546344,0.055425167083740234
82,2,1979-04-01,1997-02-01,1997-03-01,2006-01-01,"[32, 64, 128]",5,0.0,512,1,0.001,1e-05,8,12,0.5,60,0.3724494793704737,0.6102864742279053,0.5258432626724243,0.7457011044346968,0.40078890323638916
82,3,1979-04-01,2006-01-01,2006-02-01,2014-12-01,"[32, 64, 128]",5,0.0,512,1,0.001,1e-05,8,12,0.5,60,0.7492536295240171,0.8655936121940613,0.6790811419487,0.5013270177304455,0.1650989055633545
83,1,1979-04-01,1988-03-01,1988-04-01,1997-02-01,"[64, 128, 256, 512]",5,0.2,128,2,0.0003,0.0001,16,12,0.5,60,0.5223073597266296,0.7227083444595337,0.5748906135559082,0.5192488386007204,0.18416738510131836
83,2,1979-04-01,1997-02-01,1997-03-01,2006-01-01,"[64, 128, 256, 512]",5,0.2,128,2,0.0003,0.0001,16,12,0.5,60,0.4684427057471231,0.6844287514686584,0.5529239773750305,0.7112672627307347,0.2463514804840088
83,3,1979-04-01,2006-01-01,2006-02-01,2014-12-01,"[64, 128, 256, 512]",5,0.2,128,2,0.0003,0.0001,16,12,0.5,60,0.7098242189282569,0.8425105810165405,0.6169837713241577,0.4883220830806414,0.20903414487838745
84,1,1979-04-01,1988-03-01,1988-04-01,1997-02-01,"[64, 128, 256]",5,0.0,512,1,0.0003,0.0001,8,25,1.0,60,0.5638474939025451,0.750896692276001,0.6296760439872742,0.35095130277064346,0.1192852258682251
84,2,1979-04-01,1997-02-01,1997-03-01,2006-01-01,"[64, 128, 256]",5,0.0,512,1,0.0003,0.0001,8,25,1.0,60,0.37439776970961386,0.6118792295455933,0.4766956865787506,0.689377980744016,0.3976571559906006
84,3,1979-04-01,2006-01-01,2006-02-01,2014-12-01,"[64, 128, 256]",5,0.0,512,1,0.0003,0.0001,8,25,1.0,60,0.7527412343248029,0.8676155805587769,0.6558380722999573,0.4195667094017887,0.16119378805160522
85,1,1979-04-01,1988-03-01,1988-04-01,1997-02-01,"[64, 128, 256, 512]",5,0.2,256,2,0.0005,0.0001,32,12,1.0,60,0.558047354221344,0.7470257878303528,0.6213974356651306,0.47195438983785654,0.12834203243255615
85,2,1979-04-01,1997-02-01,1997-03-01,2006-01-01,"[64, 128, 256, 512]",5,0.2,256,2,0.0005,0.0001,32,12,1.0,60,0.3628917932510376,0.6024050712585449,0.5054647326469421,0.7263541428578956,0.41616570949554443
85,3,1979-04-01,2006-01-01,2006-02-01,2014-12-01,"[64, 128, 256, 512]",5,0.2,256,2,0.0005,0.0001,32,12,1.0,60,0.6794825792312622,0.8243073225021362,0.5853901505470276,0.5224549949020528,0.24284422397613525
86,1,1979-04-01,1988-03-01,1988-04-01,1997-02-01,"[32, 64, 128]",3,0.4,128,2,0.0005,1e-05,8,12,1.0,60,0.5828598191804975,0.7634539008140564,0.5856320261955261,0.37497744403678435,0.08958256244659424
86,2,1979-04-01,1997-02-01,1997-03-01,2006-01-01,"[32, 64, 128]",3,0.4,128,2,0.0005,1e-05,8,12,1.0,60,0.32341130565260057,0.5686918497085571,0.47067520022392273,0.7120900282120708,0.4796850085258484
86,3,1979-04-01,2006-01-01,2006-02-01,2014-12-01,"[32, 64, 128]",3,0.4,128,2,0.0005,1e-05,8,12,1.0,60,0.7995654823624085,0.8941057920455933,0.6461287140846252,0.34393459238948887,0.10919052362442017
87,1,1979-04-01,1988-03-01,1988-04-01,1997-02-01,"[128, 256, 512]",3,0.0,256,1,0.0005,1e-05,32,25,1.0,60,0.5530502200126648,0.7436745762825012,0.5873371362686157,0.5010236997879091,0.13614511489868164
87,2,1979-04-01,1997-02-01,1997-03-01,2006-01-01,"[128, 256, 512]",3,0.0,256,1,0.0005,1e-05,32,25,1.0,60,0.32792285084724426,0.5726461410522461,0.44478246569633484,0.7716511429043834,0.4724239706993103
87,3,1979-04-01,2006-01-01,2006-02-01,2014-12-01,"[128, 256, 512]",3,0.0,256,1,0.0005,1e-05,32,25,1.0,60,0.8316776156425476,0.911964476108551,0.6984573602676392,0.29853280872266746,0.07324957847595215
88,1,1979-04-01,1988-03-01,1988-04-01,1997-02-01,"[128, 256, 512]",3,0.2,128,1,0.0005,0.0001,8,25,0.5,60,0.5083631444200177,0.7129998803138733,0.5958579778671265,0.5142526756058183,0.20593905448913574
88,2,1979-04-01,1997-02-01,1997-03-01,2006-01-01,"[128, 256, 512]",3,0.2,128,1,0.0005,0.0001,8,25,0.5,60,0.426275654373882,0.6528946161270142,0.47986382246017456,0.7169674026418628,0.31419825553894043
88,3,1979-04-01,2006-01-01,2006-02-01,2014-12-01,"[128, 256, 512]",3,0.2,128,1,0.0005,0.0001,8,25,0.5,60,0.726681622389321,0.852460503578186,0.5984481573104858,0.4387935299646416,0.1902415156364441
89,1,1979-04-01,1988-03-01,1988-04-01,1997-02-01,"[64, 128, 256, 512]",5,0.4,128,1,0.0005,0.0001,8,12,1.0,60,0.580924898664528,0.762180745601654,0.598811686038971,0.5491187827950794,0.09261655807495117
89,2,1979-04-01,1997-02-01,1997-03-01,2006-01-01,"[64, 128, 256, 512]",5,0.4,128,1,0.0005,0.0001,8,12,1.0,60,0.4634621605694851,0.6807827949523926,0.5694068074226379,0.581457714207614,0.25435954332351685
89,3,1979-04-01,2006-01-01,2006-02-01,2014-12-01,"[64, 128, 256, 512]",5,0.4,128,1,0.0005,0.0001,8,12,1.0,60,0.6298076215191423,0.793606162071228,0.6010942459106445,0.561975165014929,0.2981940507888794
90,1,1979-04-01,1988-03-01,1988-04-01,1997-02-01,"[64, 128, 256, 512]",3,0.2,128,1,0.001,0.0,16,12,0.5,60,0.5993692184163031,0.7741893529891968,0.645593523979187,0.5314317737216121,0.06379854679107666
90,2,1979-04-01,1997-02-01,1997-03-01,2006-01-01,"[64, 128, 256, 512]",3,0.2,128,1,0.001,0.0,16,12,0.5,60,0.34262638225733677,0.5853429436683655,0.4836310148239136,0.7068879888457641,0.44876962900161743
90,3,1979-04-01,2006-01-01,2006-02-01,2014-12-01,"[64, 128, 256, 512]",3,0.2,128,1,0.001,0.0,16,12,0.5,60,0.7233203638379819,0.8504824042320251,0.625126302242279,0.47567306363464107,0.1939951777458191
91,1,1979-04-01,1988-03-01,1988-04-01,1997-02-01,"[64, 128, 256, 512]",5,0.2,256,1,0.0005,1e-05,16,25,1.0,60,0.5869633399437522,0.7661353349685669,0.6103941202163696,0.5458464473944022,0.08317619562149048
91,2,1979-04-01,1997-02-01,1997-03-01,2006-01-01,"[64, 128, 256, 512]",5,0.2,256,1,0.0005,1e-05,16,25,1.0,60,0.5219530062140706,0.7224631309509277,0.6119333505630493,0.478607939900888,0.16026204824447632
91,3,1979-04-01,2006-01-01,2006-02-01,2014-12-01,"[64, 128, 256, 512]",5,0.2,256,1,0.0005,1e-05,16,25,1.0,60,0.7282039578829971,0.8533486723899841,0.6636525988578796,0.5175096106703528,0.18855327367782593
92,1,1979-04-01,1988-03-01,1988-04-01,1997-02-01,"[64, 128, 256]",5,0.0,128,2,0.0003,0.0,8,12,0.5,60,0.5691487588615061,0.754414975643158,0.6205148696899414,0.4117894818950498,0.11101275682449341
92,2,1979-04-01,1997-02-01,1997-03-01,2006-01-01,"[64, 128, 256]",5,0.0,128,2,0.0003,0.0,8,12,0.5,60,0.3693481983146935,0.6077389717102051,0.48559701442718506,0.6587916751374367,0.4057810306549072
92,3,1979-04-01,2006-01-01,2006-02-01,2014-12-01,"[64, 128, 256]",5,0.0,128,2,0.0003,0.0,8,12,0.5,60,0.7534670406412856,0.8680197596549988,0.6673628091812134,0.48543948431095796,0.1604120135307312
93,1,1979-04-01,1988-03-01,1988-04-01,1997-02-01,"[128, 256, 512]",3,0.2,512,1,0.0005,1e-05,16,12,0.5,60,0.5427719059391557,0.7367305159568787,0.5818153619766235,0.39666521510019703,0.15220224857330322
93,2,1979-04-01,1997-02-01,1997-03-01,2006-01-01,"[128, 256, 512]",3,0.2,512,1,0.0005,1e-05,16,12,0.5,60,0.40878758809276833,0.639365017414093,0.5181556344032288,0.7059819625490514,0.34232693910598755
93,3,1979-04-01,2006-01-01,2006-02-01,2014-12-01,"[128, 256, 512]",3,0.2,512,1,0.0005,1e-05,16,12,0.5,60,0.7621406093936101,0.8730066418647766,0.6445555686950684,0.4132910661332033,0.1507372260093689
94,1,1979-04-01,1988-03-01,1988-04-01,1997-02-01,"[64, 128, 256]",3,0.0,256,2,0.0005,0.0001,16,25,1.0,60,0.570941427600718,0.7556066513061523,0.5838682055473328,0.386162237734902,0.10820204019546509
94,2,1979-04-01,1997-02-01,1997-03-01,2006-01-01,"[64, 128, 256]",3,0.0,256,2,0.0005,0.0001,16,25,1.0,60,0.3628206929870855,0.6023459434509277,0.4807629883289337,0.7220522915971052,0.41628026962280273
94,3,1979-04-01,2006-01-01,2006-02-01,2014-12-01,"[64, 128, 256]",3,0.0,256,2,0.0005,0.0001,16,25,1.0,60,0.7679847501148688,0.8763473629951477,0.634994387626648,0.38416806664371667,0.1442251205444336
95,1,1979-04-01,1988-03-01,1988-04-01,1997-02-01,"[128, 256, 512]",5,0.4,128,1,0.0003,0.0,32,12,0.5,60,0.5051474571228027,0.7107373476028442,0.5884923338890076,0.49033269026772397,0.21097058057785034
95,2,1979-04-01,1997-02-01,1997-03-01,2006-01-01,"[128, 256, 512]",5,0.4,128,1,0.0003,0.0,32,12,0.5,60,0.40959063172340393,0.6399926543235779,0.4992314875125885,0.7396396184871532,0.34103500843048096
95,3,1979-04-01,2006-01-01,2006-02-01,2014-12-01,"[128, 256, 512]",5,0.4,128,1,0.0003,0.0,32,12,0.5,60,0.82562655210495,0.9086399674415588,0.7221489548683167,0.3693027822529786,0.0799940824508667
96,1,1979-04-01,1988-03-01,1988-04-01,1997-02-01,"[32, 64, 128]",3,0.0,128,2,0.001,0.0,16,25,0.5,60,0.5796384677708706,0.7613399028778076,0.6138266324996948,0.3579917875649318,0.09461742639541626
96,2,1979-04-01,1997-02-01,1997-03-01,2006-01-01,"[32, 64, 128]",3,0.0,128,2,0.001,0.0,16,25,0.5,60,0.3267929378513978,0.5716580152511597,0.46924299001693726,0.6966859395021312,0.4742431044578552
96,3,1979-04-01,2006-01-01,2006-02-01,2014-12-01,"[32, 64, 128]",3,0.0,128,2,0.001,0.0,16,25,0.5,60,0.9119997832262627,0.9549868702888489,0.7214285135269165,0.18653865802259675,-0.016252875328063965
97,1,1979-04-01,1988-03-01,1988-04-01,1997-02-01,"[64, 128, 256]",3,0.2,512,2,0.0005,0.0,16,25,0.5,60,0.549040184399792,0.7409723997116089,0.6037481427192688,0.39276207689418047,0.14241135120391846
97,2,1979-04-01,1997-02-01,1997-03-01,2006-01-01,"[64, 128, 256]",3,0.2,512,2,0.0005,0.0,16,25,0.5,60,0.3331078377282508,0.5771549344062805,0.46836501359939575,0.7363074713943535,0.4640834331512451
97,3,1979-04-01,2006-01-01,2006-02-01,2014-12-01,"[64, 128, 256]",3,0.2,512,2,0.0005,0.0,16,25,0.5,60,0.7340800439085916,0.8567847013473511,0.6593238115310669,0.48325843239756455,0.18200552463531494
98,1,1979-04-01,1988-03-01,1988-04-01,1997-02-01,"[128, 256, 512]",3,0.0,256,2,0.0005,1e-05,32,12,0.5,60,0.5574448108673096,0.7466223239898682,0.5749936103820801,0.3899675740925015,0.12928324937820435
98,2,1979-04-01,1997-02-01,1997-03-01,2006-01-01,"[128, 256, 512]",3,0.0,256,2,0.0005,1e-05,32,12,0.5,60,0.3488672077655792,0.5906496047973633,0.4760778248310089,0.7238430591216072,0.43872952461242676
98,3,1979-04-01,2006-01-01,2006-02-01,2014-12-01,"[128, 256, 512]",3,0.0,256,2,0.0005,1e-05,32,12,0.5,60,0.8408396244049072,0.9169737100601196,0.7020542025566101,0.30841889606014655,0.06304067373275757
99,1,1979-04-01,1988-03-01,1988-04-01,1997-02-01,"[32, 64, 128]",3,0.2,128,1,0.001,0.0001,16,25,0.5,60,0.5623539686203003,0.7499026656150818,0.6047329902648926,0.46743962289870317,0.121615469455719
99,2,1979-04-01,1997-02-01,1997-03-01,2006-01-01,"[32, 64, 128]",3,0.2,128,1,0.001,0.0001,16,25,0.5,60,0.3317161600723445,0.5759480595588684,0.46634766459465027,0.7324253716982975,0.4663223624229431
99,3,1979-04-01,2006-01-01,2006-02-01,2014-12-01,"[32, 64, 128]",3,0.2,128,1,0.001,0.0001,16,25,0.5,60,0.82072006764813,0.905936062335968,0.7044965624809265,0.4153443724316366,0.0854613184928894
100,1,1979-04-01,1988-03-01,1988-04-01,1997-02-01,"[64, 128, 256, 512]",5,0.4,256,2,0.001,1e-05,16,12,1.0,60,0.5273469552815517,0.7261865735054016,0.5872480273246765,0.5332824731375733,0.17629557847976685
100,2,1979-04-01,1997-02-01,1997-03-01,2006-01-01,"[64, 128, 256, 512]",5,0.4,256,2,0.001,1e-05,16,12,1.0,60,0.3414078159867046,0.5843011140823364,0.44644659757614136,0.733972557419684,0.4507300853729248
100,3,1979-04-01,2006-01-01,2006-02-01,2014-12-01,"[64, 128, 256, 512]",5,0.4,256,2,0.001,1e-05,16,12,1.0,60,0.5859978226857765,0.7655049562454224,0.5541131496429443,0.596734836257428,0.3470153212547302
101,1,1979-04-01,1988-03-01,1988-04-01,1997-02-01,"[128, 256, 512]",5,0.0,256,2,0.0003,1e-05,32,25,1.0,60,0.5339881777763367,0.7307448983192444,0.571080207824707,0.43953730824888065,0.16592228412628174
101,2,1979-04-01,1997-02-01,1997-03-01,2006-01-01,"[128, 256, 512]",5,0.0,256,2,0.0003,1e-05,32,25,1.0,60,0.4178551733493805,0.6464172005653381,0.5364113450050354,0.7499396037201832,0.32773858308792114
101,3,1979-04-01,2006-01-01,2006-02-01,2014-12-01,"[128, 256, 512]",5,0.0,256,2,0.0003,1e-05,32,25,1.0,60,0.8732979893684387,0.9345040917396545,0.6788975596427917,0.25670239924062666,0.026873350143432617
102,1,1979-04-01,1988-03-01,1988-04-01,1997-02-01,"[32, 64, 128]",3,0.2,256,2,0.0003,0.0,16,25,0.5,60,0.5530159217174923,0.7436503767967224,0.5784215927124023,0.39088329863328364,0.13620126247406006
102,2,1979-04-01,1997-02-01,1997-03-01,2006-01-01,"[32, 64, 128]",3,0.2,256,2,0.0003,0.0,16,25,0.5,60,0.2957095445316529,0.5437918305397034,0.4594951868057251,0.7353375360784523,0.5242512226104736
102,3,1979-04-01,2006-01-01,2006-02-01,2014-12-01,"[32, 64, 128]",3,0.2,256,2,0.0003,0.0,16,25,0.5,60,0.7799492205414816,0.8831473588943481,0.6614815592765808,0.4133201920321456,0.13089287281036377
103,1,1979-04-01,1988-03-01,1988-04-01,1997-02-01,"[64, 128, 256]",5,0.2,512,1,0.0005,1e-05,8,12,1.0,60,0.5480585042561326,0.7403095960617065,0.5847278237342834,0.4726318048093832,0.14394491910934448
103,2,1979-04-01,1997-02-01,1997-03-01,2006-01-01,"[64, 128, 256]",5,0.2,512,1,0.0005,1e-05,8,12,1.0,60,0.41773732187591983,0.6463254690170288,0.5387911796569824,0.6864581410528637,0.32792943716049194
103,3,1979-04-01,2006-01-01,2006-02-01,2014-12-01,"[64, 128, 256]",5,0.2,512,1,0.0005,1e-05,8,12,1.0,60,0.754671337448548,0.8687184453010559,0.6614426970481873,0.43844533772865635,0.15905994176864624
104,1,1979-04-01,1988-03-01,1988-04-01,1997-02-01,"[64, 128, 256]",3,0.0,512,2,0.0005,0.0,32,25,0.5,60,0.5035779476165771,0.7096322774887085,0.5714309811592102,0.46854984226439916,0.21342229843139648
104,2,1979-04-01,1997-02-01,1997-03-01,2006-01-01,"[64, 128, 256]",3,0.0,512,2,0.0005,0.0,32,25,0.5,60,0.3441890776157379,0.5866762399673462,0.49173250794410706,0.7581714159757188,0.44625556468963623
104,3,1979-04-01,2006-01-01,2006-02-01,2014-12-01,"[64, 128, 256]",3,0.0,512,2,0.0005,0.0,32,25,0.5,60,0.7670785784721375,0.875830352306366,0.622962474822998,0.40198689126473025,0.1452345848083496
105,1,1979-04-01,1988-03-01,1988-04-01,1997-02-01,"[64, 128, 256]",5,0.2,256,2,0.0005,1e-05,8,12,0.5,60,0.622503120208455,0.7889869809150696,0.6036826968193054,0.3228281892382733,0.0276680588722229
105,2,1979-04-01,1997-02-01,1997-03-01,2006-01-01,"[64, 128, 256]",5,0.2,256,2,0.0005,1e-05,8,12,0.5,60,0.33316075035901827,0.5772006511688232,0.470652312040329,0.7299518630548562,0.4639984965324402
105,3,1979-04-01,2006-01-01,2006-02-01,2014-12-01,"[64, 128, 256]",5,0.2,256,2,0.0005,1e-05,8,12,0.5,60,0.7310376033604702,0.8549951910972595,0.6371815204620361,0.43623116857123717,0.18541890382766724
106,1,1979-04-01,1988-03-01,1988-04-01,1997-02-01,"[64, 128, 256]",5,0.2,256,1,0.0005,1e-05,32,12,0.5,60,0.6879858374595642,0.8294490575790405,0.6320215463638306,0.5214742102056887,-0.07461857795715332
106,2,1979-04-01,1997-02-01,1997-03-01,2006-01-01,"[64, 128, 256]",5,0.2,256,1,0.0005,1e-05,32,12,0.5,60,0.4390695095062256,0.6626231670379639,0.5493312478065491,0.6627123463882646,0.29360830783843994
106,3,1979-04-01,2006-01-01,2006-02-01,2014-12-01,"[64, 128, 256]",5,0.2,256,1,0.0005,1e-05,32,12,0.5,60,0.6916650533676147,0.831663966178894,0.5906285047531128,0.49038526936843574,0.2292690873146057
107,1,1979-04-01,1988-03-01,1988-04-01,1997-02-01,"[32, 64, 128]",3,0.4,128,1,0.001,0.0001,16,25,0.5,60,0.5195261629942421,0.7207816243171692,0.6219330430030823,0.4999148171218559,0.18851155042648315
107,2,1979-04-01,1997-02-01,1997-03-01,2006-01-01,"[32, 64, 128]",3,0.4,128,1,0.001,0.0001,16,25,0.5,60,0.33789378460322583,0.5812863111495972,0.48404282331466675,0.7573845131142667,0.4563836455345154
107,3,1979-04-01,2006-01-01,2006-02-01,2014-12-01,"[32, 64, 128]",3,0.4,128,1,0.001,0.0001,16,25,0.5,60,0.7978232185417247,0.8932095170021057,0.6737086772918701,0.3662248126751847,0.11097568273544312
108,1,1979-04-01,1988-03-01,1988-04-01,1997-02-01,"[128, 256, 512]",3,0.0,256,1,0.001,0.0001,16,25,1.0,60,0.6062282953306893,0.778606653213501,0.6609166264533997,0.5027072575980677,0.05308479070663452
108,2,1979-04-01,1997-02-01,1997-03-01,2006-01-01,"[128, 256, 512]",3,0.0,256,1,0.001,0.0001,16,25,1.0,60,0.6053757260892992,0.7780589461326599,0.6359692215919495,0.7142753527345791,0.026048481464385986
108,3,1979-04-01,2006-01-01,2006-02-01,2014-12-01,"[128, 256, 512]",3,0.0,256,1,0.001,0.0001,16,25,1.0,60,0.7032066756319777,0.838574230670929,0.6197865009307861,0.5022966912865561,0.21640801429748535
109,1,1979-04-01,1988-03-01,1988-04-01,1997-02-01,"[64, 128, 256, 512]",5,0.0,256,1,0.001,0.0,32,25,1.0,60,0.7121812701225281,0.843908429145813,0.6666849255561829,0.4791987065185038,-0.11241161823272705
109,2,1979-04-01,1997-02-01,1997-03-01,2006-01-01,"[64, 128, 256, 512]",5,0.0,256,1,0.001,0.0,32,25,1.0,60,0.3150303065776825,0.5612756013870239,0.4451889395713806,0.7773524670478854,0.4931672215461731
109,3,1979-04-01,2006-01-01,2006-02-01,2014-12-01,"[64, 128, 256, 512]",5,0.0,256,1,0.001,0.0,32,25,1.0,60,0.7378504276275635,0.8589821457862854,0.5987041592597961,0.4822557227425222,0.17780423164367676
110,1,1979-04-01,1988-03-01,1988-04-01,1997-02-01,"[32, 64, 128]",5,0.4,512,2,0.001,0.0001,32,25,1.0,60,0.4961548447608948,0.7043825387954712,0.5942594408988953,0.479623578603482,0.22501718997955322
110,2,1979-04-01,1997-02-01,1997-03-01,2006-01-01,"[32, 64, 128]",5,0.4,512,2,0.001,0.0001,32,25,1.0,60,0.29409635066986084,0.5423065423965454,0.4305875599384308,0.7326010723289317,0.5268464684486389
110,3,1979-04-01,2006-01-01,2006-02-01,2014-12-01,"[32, 64, 128]",5,0.4,512,2,0.001,0.0001,32,25,1.0,60,0.7332035899162292,0.8562731742858887,0.613978385925293,0.45583362635528646,0.18298190832138062
111,1,1979-04-01,1988-03-01,1988-04-01,1997-02-01,"[128, 256, 512]",5,0.0,256,2,0.001,0.0,16,12,1.0,60,0.566415075386796,0.7526054978370667,0.632089376449585,0.5197886713009884,0.11527210474014282
111,2,1979-04-01,1997-02-01,1997-03-01,2006-01-01,"[128, 256, 512]",5,0.0,256,2,0.001,0.0,16,12,1.0,60,0.48377262376179203,0.6955376267433167,0.53102707862854,0.667822480911943,0.22168821096420288
111,3,1979-04-01,2006-01-01,2006-02-01,2014-12-01,"[128, 256, 512]",5,0.0,256,2,0.001,0.0,16,12,1.0,60,0.7483660211072904,0.8650814890861511,0.6541745066642761,0.4149839787894997,0.16608643531799316
112,1,1979-04-01,1988-03-01,1988-04-01,1997-02-01,"[128, 256, 512]",3,0.0,512,1,0.001,0.0001,32,12,1.0,60,0.6651721000671387,0.8155819773674011,0.6657810807228088,0.4869082749553375,-0.038987159729003906
112,2,1979-04-01,1997-02-01,1997-03-01,2006-01-01,"[128, 256, 512]",3,0.0,512,1,0.001,0.0001,32,12,1.0,60,0.32635781168937683,0.5712773203849792,0.4349870979785919,0.7529475495203685,0.4749431610107422
112,3,1979-04-01,2006-01-01,2006-02-01,2014-12-01,"[128, 256, 512]",3,0.0,512,1,0.001,0.0001,32,12,1.0,60,0.9126495122909546,0.955327570438385,0.6927859783172607,0.22759480944174024,-0.016978144645690918
113,1,1979-04-01,1988-03-01,1988-04-01,1997-02-01,"[64, 128, 256]",5,0.2,256,2,0.0003,1e-05,16,25,1.0,60,0.5926271108823402,0.7698227167129517,0.6134345531463623,0.29708396559892575,0.07432955503463745
113,2,1979-04-01,1997-02-01,1997-03-01,2006-01-01,"[64, 128, 256]",5,0.2,256,2,0.0003,1e-05,16,25,1.0,60,0.39279520288806097,0.6267337799072266,0.504108190536499,0.7192534464330232,0.368056058883667
113,3,1979-04-01,2006-01-01,2006-02-01,2014-12-01,"[64, 128, 256]",5,0.2,256,2,0.0003,1e-05,16,25,1.0,60,0.8148156387783657,0.9026713967323303,0.6741920113563538,0.3246326804838808,0.09204083681106567
114,1,1979-04-01,1988-03-01,1988-04-01,1997-02-01,"[32, 64, 128]",5,0.4,256,1,0.0005,1e-05,32,12,0.5,60,0.5753451585769653,0.7585150003433228,0.6320531964302063,0.3513340091301885,0.10132372379302979
114,2,1979-04-01,1997-02-01,1997-03-01,2006-01-01,"[32, 64, 128]",5,0.4,256,1,0.0005,1e-05,32,12,0.5,60,0.3433336019515991,0.5859468579292297,0.4790196418762207,0.6698773116006645,0.4476316571235657
114,3,1979-04-01,2006-01-01,2006-02-01,2014-12-01,"[32, 64, 128]",5,0.4,256,1,0.0005,1e-05,32,12,0.5,60,0.7390335202217102,0.859670877456665,0.6452508568763733,0.42483551790478524,0.17648518085479736
115,1,1979-04-01,1988-03-01,1988-04-01,1997-02-01,"[128, 256, 512]",3,0.0,256,2,0.0003,1e-05,8,25,0.5,60,0.5899538481346914,0.7680820226669312,0.6292018294334412,0.47698978345276927,0.0785110592842102
115,2,1979-04-01,1997-02-01,1997-03-01,2006-01-01,"[128, 256, 512]",3,0.0,256,2,0.0003,1e-05,8,25,0.5,60,0.33439767277129345,0.5782695412635803,0.4719744026660919,0.7323152688672978,0.46201151609420776
115,3,1979-04-01,2006-01-01,2006-02-01,2014-12-01,"[128, 256, 512]",3,0.0,256,2,0.0003,1e-05,8,25,0.5,60,0.7253738296366183,0.8516778349876404,0.5945020914077759,0.4499532562739609,0.19172775745391846
116,1,1979-04-01,1988-03-01,1988-04-01,1997-02-01,"[64, 128, 256]",5,0.4,128,1,0.001,0.0,8,25,0.5,60,0.551559447128082,0.7426693439483643,0.6186321377754211,0.4197017191295224,0.13847899436950684
116,2,1979-04-01,1997-02-01,1997-03-01,2006-01-01,"[64, 128, 256]",5,0.4,128,1,0.001,0.0,8,25,0.5,60,0.3074901956264104,0.5545181632041931,0.45401105284690857,0.7120259606143475,0.5052977800369263
116,3,1979-04-01,2006-01-01,2006-02-01,2014-12-01,"[64, 128, 256]",5,0.4,128,1,0.001,0.0,8,25,0.5,60,0.7515370155049261,0.8669126033782959,0.6617918014526367,0.4682984292131096,0.16255241632461548
117,1,1979-04-01,1988-03-01,1988-04-01,1997-02-01,"[32, 64, 128]",5,0.2,256,2,0.0003,0.0001,8,12,0.5,60,0.5728095034572566,0.7568437457084656,0.6372913122177124,0.49133299070665903,0.10527962446212769
117,2,1979-04-01,1997-02-01,1997-03-01,2006-01-01,"[32, 64, 128]",5,0.2,256,2,0.0003,0.0001,8,12,0.5,60,0.2896878497901364,0.538227379322052,0.4454134404659271,0.7368715189230415,0.5339377522468567
117,3,1979-04-01,2006-01-01,2006-02-01,2014-12-01,"[32, 64, 128]",5,0.2,256,2,0.0003,0.0001,8,12,0.5,60,0.7120338065601955,0.8438161015510559,0.6158435940742493,0.46774822084589274,0.20658093690872192
118,1,1979-04-01,1988-03-01,1988-04-01,1997-02-01,"[128, 256, 512]",3,0.0,128,1,0.0005,0.0001,8,12,0.5,60,0.5807132787793596,0.7620428204536438,0.6465221643447876,0.439242068171904,0.09294486045837402
118,2,1979-04-01,1997-02-01,1997-03-01,2006-01-01,"[128, 256, 512]",3,0.0,128,1,0.0005,0.0001,8,12,0.5,60,0.35285401344299316,0.5940158367156982,0.47798264026641846,0.727933781615572,0.4323137402534485
118,3,1979-04-01,2006-01-01,2006-02-01,2014-12-01,"[128, 256, 512]",3,0.0,128,1,0.0005,0.0001,8,12,0.5,60,0.7069511279881557,0.8408024311065674,0.6188626289367676,0.4691015213480581,0.21223831176757812
119,1,1979-04-01,1988-03-01,1988-04-01,1997-02-01,"[64, 128, 256]",5,0.2,256,1,0.0003,0.0,8,25,1.0,60,0.5316778956172622,0.7291638255119324,0.5882659554481506,0.4537662924971676,0.16952776908874512
119,2,1979-04-01,1997-02-01,1997-03-01,2006-01-01,"[64, 128, 256]",5,0.2,256,1,0.0003,0.0,8,25,1.0,60,0.3894886730987335,0.6240924596786499,0.4848187267780304,0.654547018403893,0.3733713626861572
119,3,1979-04-01,2006-01-01,2006-02-01,2014-12-01,"[64, 128, 256]",5,0.2,256,1,0.0003,0.0,8,25,1.0,60,0.7733005786610541,0.8793712854385376,0.6872237920761108,0.4784666226261203,0.1383090615272522
120,1,1979-04-01,1988-03-01,1988-04-01,1997-02-01,"[64, 128, 256]",5,0.4,128,1,0.0005,0.0,32,25,0.5,60,0.5427132248878479,0.7366907596588135,0.6115472912788391,0.4620817684023692,0.15229380130767822
120,2,1979-04-01,1997-02-01,1997-03-01,2006-01-01,"[64, 128, 256]",5,0.4,128,1,0.0005,0.0,32,25,0.5,60,0.3518185317516327,0.5931429266929626,0.5051770806312561,0.6759486089672833,0.43398094177246094
120,3,1979-04-01,2006-01-01,2006-02-01,2014-12-01,"[64, 128, 256]",5,0.4,128,1,0.0005,0.0,32,25,0.5,60,0.8232712745666504,0.9073430299758911,0.7254037857055664,0.5048467217169677,0.08261847496032715
121,1,1979-04-01,1988-03-01,1988-04-01,1997-02-01,"[128, 256, 512]",3,0.4,256,1,0.0003,1e-05,32,25,0.5,60,0.5503403544425964,0.7418496608734131,0.5894047021865845,0.4667232187166346,0.14037948846817017
121,2,1979-04-01,1997-02-01,1997-03-01,2006-01-01,"[128, 256, 512]",3,0.4,256,1,0.0003,1e-05,32,25,0.5,60,0.3789054751396179,0.6155526638031006,0.50057452917099,0.7138213190881378,0.39040303230285645
121,3,1979-04-01,2006-01-01,2006-02-01,2014-12-01,"[128, 256, 512]",3,0.4,256,1,0.0003,1e-05,32,25,0.5,60,0.7622532248497009,0.8730721473693848,0.6269967555999756,0.38841263855419944,0.1506098508834839
122,1,1979-04-01,1988-03-01,1988-04-01,1997-02-01,"[32, 64, 128]",5,0.4,512,1,0.0005,0.0,32,25,0.5,60,0.5652917623519897,0.7518588304519653,0.6318701505661011,0.3779362832461136,0.11702674627304077
122,2,1979-04-01,1997-02-01,1997-03-01,2006-01-01,"[32, 64, 128]",5,0.4,512,1,0.0005,0.0,32,25,0.5,60,0.3041197657585144,0.5514705777168274,0.4627658426761627,0.7246925044896437,0.5107205510139465
122,3,1979-04-01,2006-01-01,2006-02-01,2014-12-01,"[32, 64, 128]",5,0.4,512,1,0.0005,0.0,32,25,0.5,60,0.808847963809967,0.8993602991104126,0.6652135252952576,0.327957957323506,0.09868955612182617
123,1,1979-04-01,1988-03-01,1988-04-01,1997-02-01,"[32, 64, 128]",3,0.2,512,1,0.0003,0.0001,16,25,0.5,60,0.5459125816264999,0.7388589382171631,0.6180420517921448,0.4686062315005751,0.14729660749435425
123,2,1979-04-01,1997-02-01,1997-03-01,2006-01-01,"[32, 64, 128]",3,0.2,512,1,0.0003,0.0001,16,25,0.5,60,0.3277595703289888,0.5725029110908508,0.4655236005783081,0.745794845641567,0.47268790006637573
123,3,1979-04-01,2006-01-01,2006-02-01,2014-12-01,"[32, 64, 128]",3,0.2,512,1,0.0003,0.0001,16,25,0.5,60,0.8133103179040356,0.901837170124054,0.6767931580543518,0.3439203839263381,0.09371823072433472
124,1,1979-04-01,1988-03-01,1988-04-01,1997-02-01,"[128, 256, 512]",5,0.4,128,2,0.0005,0.0,32,25,1.0,60,0.5227804183959961,0.7230355739593506,0.5917487740516663,0.4568307371391069,0.18342840671539307
124,2,1979-04-01,1997-02-01,1997-03-01,2006-01-01,"[128, 256, 512]",5,0.4,128,2,0.0005,0.0,32,25,1.0,60,0.30813783407211304,0.5551016926765442,0.4553535580635071,0.7343125546301613,0.504256010055542
124,3,1979-04-01,2006-01-01,2006-02-01,2014-12-01,"[128, 256, 512]",5,0.4,128,2,0.0005,0.0,32,25,1.0,60,0.7175707817077637,0.8470954298973083,0.6279045343399048,0.4882384665833686,0.20040208101272583
125,1,1979-04-01,1988-03-01,1988-04-01,1997-02-01,"[64, 128, 256]",5,0.4,128,2,0.0005,0.0,8,25,1.0,60,0.5397828449712736,0.734699010848999,0.5942399501800537,0.4349564394793197,0.15687137842178345
125,2,1979-04-01,1997-02-01,1997-03-01,2006-01-01,"[64, 128, 256]",5,0.4,128,2,0.0005,0.0,8,25,1.0,60,0.3689560189703915,0.6074182391166687,0.4912160336971283,0.7152817362510041,0.40640801191329956
125,3,1979-04-01,2006-01-01,2006-02-01,2014-12-01,"[64, 128, 256]",5,0.4,128,2,0.0005,0.0,8,25,1.0,60,0.7118711025915413,0.84372478723526,0.6310650706291199,0.47652255104274577,0.20675265789031982
126,1,1979-04-01,1988-03-01,1988-04-01,1997-02-01,"[32, 64, 128]",5,0.2,256,2,0.001,1e-05,32,12,0.5,60,0.5283117890357971,0.7268506288528442,0.5728700757026672,0.51598654322506,0.17478853464126587
126,2,1979-04-01,1997-02-01,1997-03-01,2006-01-01,"[32, 64, 128]",5,0.2,256,2,0.001,1e-05,32,12,0.5,60,0.30428117513656616,0.5516168475151062,0.4425886273384094,0.7244344748694177,0.5104608535766602
126,3,1979-04-01,2006-01-01,2006-02-01,2014-12-01,"[32, 64, 128]",5,0.2,256,2,0.001,1e-05,32,12,0.5,60,0.766876220703125,0.8757147192955017,0.6462657451629639,0.4101815961228531,0.14546018838882446
127,1,1979-04-01,1988-03-01,1988-04-01,1997-02-01,"[128, 256, 512]",5,0.2,256,1,0.0003,0.0001,32,25,1.0,60,0.5463723540306091,0.7391700148582458,0.609759509563446,0.4682612930641625,0.14657843112945557
127,2,1979-04-01,1997-02-01,1997-03-01,2006-01-01,"[128, 256, 512]",5,0.2,256,1,0.0003,0.0001,32,25,1.0,60,0.3944959044456482,0.6280890703201294,0.5291985273361206,0.6662692801483349,0.36531996726989746
127,3,1979-04-01,2006-01-01,2006-02-01,2014-12-01,"[128, 256, 512]",5,0.2,256,1,0.0003,0.0001,32,25,1.0,60,0.8350732922554016,0.9138234853744507,0.7122366428375244,0.35011726941881105,0.06946736574172974
128,1,1979-04-01,1988-03-01,1988-04-01,1997-02-01,"[32, 64, 128]",5,0.0,128,1,0.0005,0.0001,32,12,1.0,60,0.4913433790206909,0.7009589672088623,0.5700379610061646,0.48587357553360055,0.2325323224067688
128,2,1979-04-01,1997-02-01,1997-03-01,2006-01-01,"[32, 64, 128]",5,0.0,128,1,0.0005,0.0001,32,12,1.0,60,0.45920640230178833,0.6776477694511414,0.5884149074554443,0.6646984702537164,0.261211097240448
128,3,1979-04-01,2006-01-01,2006-02-01,2014-12-01,"[32, 64, 128]",5,0.0,128,1,0.0005,0.0001,32,12,1.0,60,0.8047714233398438,0.897090494632721,0.6562787294387817,0.3405086808705589,0.10323333740234375
