trial_id,fold_id,train_start,train_end,val_start,val_end,channels,kernel_size,dropout,head_hidden,n_head_layers,lr,weight_decay,batch_size,patience,grad_clip,max_epochs,best_val_loss,val_accuracy,val_f1_macro,val_auc_macro,val_bss
1,1,1979-04-01,1988-03-01,1988-04-01,1997-02-01,"[64, 128, 256]",5,0.4,128,1,0.0003,1e-05,32,25,1.0,60,0.8582617044448853,0.6261682242990654,0.46249999999999997,0.6933025436986519,0.10946829951021719
1,2,1979-04-01,1997-02-01,1997-03-01,2006-01-01,"[64, 128, 256]",5,0.4,128,1,0.0003,1e-05,32,25,1.0,60,0.7991091012954712,0.5981308411214953,0.4832607437971422,0.7839836635970565,0.25326551441936473
1,3,1979-04-01,2006-01-01,2006-02-01,2014-12-01,"[64, 128, 256]",5,0.4,128,1,0.0003,1e-05,32,25,1.0,60,0.9477760791778564,0.5514018691588785,0.40575585072738773,0.6709049441190391,0.057608448717092475
2,1,1979-04-01,1988-03-01,1988-04-01,1997-02-01,"[64, 128, 256]",3,0.4,512,1,0.0005,0.0001,8,25,0.5,60,0.9056258870062427,0.5420560747663551,0.39124330964288845,0.7059110302532604,0.03764029456460427
2,2,1979-04-01,1997-02-01,1997-03-01,2006-01-01,"[64, 128, 256]",3,0.4,512,1,0.0005,0.0001,8,25,0.5,60,0.7461647229773976,0.6728971962616822,0.6139246042158664,0.803141786570369,0.33012065658204914
2,3,1979-04-01,2006-01-01,2006-02-01,2014-12-01,"[64, 128, 256]",3,0.4,512,1,0.0005,0.0001,8,25,0.5,60,0.9921128727565302,0.5420560747663551,0.46960244648318045,0.6759527831032659,0.03575003598696913
3,1,1979-04-01,1988-03-01,1988-04-01,1997-02-01,"[64, 128, 256]",5,0.4,128,2,0.0003,1e-05,16,12,0.5,60,0.9042909357035271,0.5607476635514018,0.4066528066528066,0.6684803838653295,0.04495168310757913
3,2,1979-04-01,1997-02-01,1997-03-01,2006-01-01,"[64, 128, 256]",5,0.4,128,2,0.0003,1e-05,16,12,0.5,60,0.832802130797199,0.6074766355140186,0.6061912658927584,0.8084192503867641,0.2454293167502658
3,3,1979-04-01,2006-01-01,2006-02-01,2014-12-01,"[64, 128, 256]",5,0.4,128,2,0.0003,1e-05,16,12,0.5,60,0.9627356947025406,0.4953271028037383,0.36548514142499106,0.6649834701943931,0.0512032635690145
4,1,1979-04-01,1988-03-01,1988-04-01,1997-02-01,"[32, 64, 128]",5,0.0,256,1,0.001,1e-05,8,12,0.5,60,0.8970751394735319,0.5794392523364486,0.4885991001296423,0.6910955853803764,0.055048803370870036
4,2,1979-04-01,1997-02-01,1997-03-01,2006-01-01,"[32, 64, 128]",5,0.0,256,1,0.001,1e-05,8,12,0.5,60,0.8571984623080102,0.6074766355140186,0.6024024247999188,0.7977058341932665,0.22709062165202865
4,3,1979-04-01,2006-01-01,2006-02-01,2014-12-01,"[32, 64, 128]",5,0.0,256,1,0.001,1e-05,8,12,0.5,60,1.1145854241380067,0.4205607476635514,0.4176046176046176,0.6430412819331364,-0.041621151191965744
5,1,1979-04-01,1988-03-01,1988-04-01,1997-02-01,"[64, 128, 256, 512]",5,0.0,128,2,0.0005,1e-05,32,12,0.5,60,0.952495276927948,0.5794392523364486,0.2445759368836292,0.7328917463158101,0.012727691888613224
5,2,1979-04-01,1997-02-01,1997-03-01,2006-01-01,"[64, 128, 256, 512]",5,0.0,128,2,0.0005,1e-05,32,12,0.5,60,0.8243845105171204,0.5794392523364486,0.5433471894543684,0.7943051825070992,0.22871668966997194
5,3,1979-04-01,2006-01-01,2006-02-01,2014-12-01,"[64, 128, 256, 512]",5,0.0,128,2,0.0005,1e-05,32,12,0.5,60,1.1247674226760864,0.4766355140186916,0.3500424808836023,0.626328836290861,-0.09872635022595366
6,1,1979-04-01,1988-03-01,1988-04-01,1997-02-01,"[64, 128, 256, 512]",5,0.2,512,1,0.001,0.0001,32,25,0.5,60,1.157909870147705,0.48598130841121495,0.510386254572301,0.7621510620053177,-0.25513720525789685
6,2,1979-04-01,1997-02-01,1997-03-01,2006-01-01,"[64, 128, 256, 512]",5,0.2,512,1,0.001,0.0001,32,25,0.5,60,0.9102232456207275,0.6448598130841121,0.6473748473748474,0.7707727567644785,0.14154058323409335
6,3,1979-04-01,2006-01-01,2006-02-01,2014-12-01,"[64, 128, 256, 512]",5,0.2,512,1,0.001,0.0001,32,25,0.5,60,1.2828848361968994,0.4672897196261682,0.387997623291741,0.6411214090719649,-0.17077796376064924
7,1,1979-04-01,1988-03-01,1988-04-01,1997-02-01,"[128, 256, 512]",3,0.2,512,2,0.0005,1e-05,32,25,1.0,60,0.9090133905410767,0.5981308411214953,0.385003885003885,0.6629336515138538,0.044801473797306035
7,2,1979-04-01,1997-02-01,1997-03-01,2006-01-01,"[128, 256, 512]",3,0.2,512,2,0.0005,1e-05,32,25,1.0,60,0.8136457800865173,0.6542056074766355,0.5239461103867884,0.7842861127861429,0.2413422402952643
7,3,1979-04-01,2006-01-01,2006-02-01,2014-12-01,"[128, 256, 512]",3,0.2,512,2,0.0005,1e-05,32,25,1.0,60,1.0459665060043335,0.4485981308411215,0.30631035257130024,0.6788746878442465,-0.04574505731449641
8,1,1979-04-01,1988-03-01,1988-04-01,1997-02-01,"[32, 64, 128]",5,0.2,512,1,0.0003,0.0,16,25,1.0,60,0.8752131261558176,0.5794392523364486,0.5119557411495598,0.7043494737711967,0.07304478824587868
8,2,1979-04-01,1997-02-01,1997-03-01,2006-01-01,"[32, 64, 128]",5,0.2,512,1,0.0003,0.0,16,25,1.0,60,0.7488220361905678,0.7009345794392523,0.6874458874458874,0.8240927951885109,0.3055116269842949
8,3,1979-04-01,2006-01-01,2006-02-01,2014-12-01,"[32, 64, 128]",5,0.2,512,1,0.0003,0.0,16,25,1.0,60,1.005937404721697,0.4953271028037383,0.35936507936507933,0.6713896876168682,0.01853201143951544
9,1,1979-04-01,1988-03-01,1988-04-01,1997-02-01,"[64, 128, 256, 512]",3,0.2,128,1,0.0005,0.0,8,12,1.0,60,0.9835871491476754,0.5327102803738317,0.37186622900908617,0.6800554891065471,-0.038598954680401754
9,2,1979-04-01,1997-02-01,1997-03-01,2006-01-01,"[64, 128, 256, 512]",3,0.2,128,1,0.0005,0.0,8,12,1.0,60,0.7961115614276066,0.616822429906542,0.6162534296150416,0.7816577214611976,0.2376202834377562
9,3,1979-04-01,2006-01-01,2006-02-01,2014-12-01,"[64, 128, 256, 512]",3,0.2,128,1,0.0005,0.0,8,12,1.0,60,1.1836075838481155,0.38317757009345793,0.31858393074744024,0.6302358297737212,-0.19099124806602097
10,1,1979-04-01,1988-03-01,1988-04-01,1997-02-01,"[128, 256, 512]",3,0.2,512,2,0.0005,0.0001,8,12,1.0,60,0.9542946069040031,0.514018691588785,0.505472372793551,0.704941294369299,-0.05145339925053616
10,2,1979-04-01,1997-02-01,1997-03-01,2006-01-01,"[128, 256, 512]",3,0.2,512,2,0.0005,0.0001,8,12,1.0,60,0.8503968648821394,0.616822429906542,0.6259568719667784,0.8266578418181266,0.2520521306466498
10,3,1979-04-01,2006-01-01,2006-02-01,2014-12-01,"[128, 256, 512]",3,0.2,512,2,0.0005,0.0001,8,12,1.0,60,1.1410337976206129,0.4766355140186916,0.3150266971777269,0.6280208505250066,-0.07286031806639226
11,1,1979-04-01,1988-03-01,1988-04-01,1997-02-01,"[32, 64, 128]",5,0.4,256,1,0.0005,0.0001,8,12,1.0,60,0.8999327376624134,0.4672897196261682,0.4221937321937322,0.7297030296013475,0.014755128620453584
11,2,1979-04-01,1997-02-01,1997-03-01,2006-01-01,"[32, 64, 128]",5,0.4,256,1,0.0005,0.0001,8,12,1.0,60,0.8423662441913212,0.5420560747663551,0.5078067809577068,0.8415912756868883,0.18679749208172514
11,3,1979-04-01,2006-01-01,2006-02-01,2014-12-01,"[32, 64, 128]",5,0.4,256,1,0.0005,0.0001,8,12,1.0,60,0.9788756715917142,0.48598130841121495,0.376871844451606,0.6962678416376048,0.028128659772501452
12,1,1979-04-01,1988-03-01,1988-04-01,1997-02-01,"[64, 128, 256, 512]",5,0.0,128,1,0.0005,0.0,32,25,1.0,60,0.853394627571106,0.6542056074766355,0.6001478196600148,0.7409394875970857,0.12441682630238371
12,2,1979-04-01,1997-02-01,1997-03-01,2006-01-01,"[64, 128, 256, 512]",5,0.0,128,1,0.0005,0.0,32,25,1.0,60,0.7497659921646118,0.6915887850467289,0.6876759800736408,0.8519931780683269,0.3124948458113729
12,3,1979-04-01,2006-01-01,2006-02-01,2014-12-01,"[64, 128, 256, 512]",5,0.0,128,1,0.0005,0.0,32,25,1.0,60,1.1458079814910889,0.308411214953271,0.2979229418726617,0.6362664293736904,-0.12184396162964872
13,1,1979-04-01,1988-03-01,1988-04-01,1997-02-01,"[64, 128, 256, 512]",5,0.0,512,2,0.0005,0.0001,16,25,0.5,60,0.9913381527517443,0.5046728971962616,0.5134116576599839,0.7447135976000121,-0.04561508206648068
13,2,1979-04-01,1997-02-01,1997-03-01,2006-01-01,"[64, 128, 256, 512]",5,0.0,512,2,0.0005,0.0001,16,25,0.5,60,0.7136912602130497,0.5981308411214953,0.5743834202520643,0.855713631229737,0.294829938141828
13,3,1979-04-01,2006-01-01,2006-02-01,2014-12-01,"[64, 128, 256, 512]",5,0.0,512,2,0.0005,0.0001,16,25,0.5,60,1.0188846276185224,0.4766355140186916,0.4800095636387214,0.6817927294448212,0.036323415369575396
14,1,1979-04-01,1988-03-01,1988-04-01,1997-02-01,"[32, 64, 128]",3,0.4,128,2,0.0003,0.0001,32,12,0.5,60,0.871317982673645,0.5794392523364486,0.44823385273765765,0.7326799953956744,0.08455804683669388
14,2,1979-04-01,1997-02-01,1997-03-01,2006-01-01,"[32, 64, 128]",3,0.4,128,2,0.0003,0.0001,32,12,0.5,60,0.789286732673645,0.6355140186915887,0.484920634920635,0.7825728659801946,0.2638410412393356
14,3,1979-04-01,2006-01-01,2006-02-01,2014-12-01,"[32, 64, 128]",3,0.4,128,2,0.0003,0.0001,32,12,0.5,60,0.9731074571609497,0.5327102803738317,0.39204259299230165,0.6958431111880149,0.060533468851709626
15,1,1979-04-01,1988-03-01,1988-04-01,1997-02-01,"[128, 256, 512]",3,0.4,128,1,0.001,0.0,32,12,0.5,60,0.9720807075500488,0.45794392523364486,0.419742883379247,0.6881537832823094,-0.09455294444835105
15,2,1979-04-01,1997-02-01,1997-03-01,2006-01-01,"[128, 256, 512]",3,0.4,128,1,0.001,0.0,32,12,0.5,60,0.8264984488487244,0.4766355140186916,0.4267316989688957,0.7942486682608969,0.19600628674265796
15,3,1979-04-01,2006-01-01,2006-02-01,2014-12-01,"[128, 256, 512]",3,0.4,128,1,0.001,0.0,32,12,0.5,60,1.0774810314178467,0.5514018691588785,0.4098008734917462,0.666935867836827,-0.0033509038012973225
16,1,1979-04-01,1988-03-01,1988-04-01,1997-02-01,"[64, 128, 256, 512]",5,0.0,256,2,0.0005,1e-05,16,25,0.5,60,0.8784428600953004,0.5981308411214953,0.4518770471151423,0.7485187777150829,0.09885038044631478
16,2,1979-04-01,1997-02-01,1997-03-01,2006-01-01,"[64, 128, 256, 512]",5,0.0,256,2,0.0005,1e-05,16,25,0.5,60,0.7193047788655647,0.5887850467289719,0.5787304255782821,0.8385373468195133,0.29522883291686774
16,3,1979-04-01,2006-01-01,2006-02-01,2014-12-01,"[64, 128, 256, 512]",5,0.0,256,2,0.0005,1e-05,16,25,0.5,60,1.0123954543443483,0.5233644859813084,0.4625902992776058,0.6740606331838469,0.012154308216875687
17,1,1979-04-01,1988-03-01,1988-04-01,1997-02-01,"[64, 128, 256]",3,0.2,256,1,0.0003,1e-05,32,12,1.0,60,0.8637524247169495,0.5233644859813084,0.4782379229623324,0.7194479677482959,0.06139463981119209
17,2,1979-04-01,1997-02-01,1997-03-01,2006-01-01,"[64, 128, 256]",3,0.2,256,1,0.0003,1e-05,32,12,1.0,60,0.7944085597991943,0.5981308411214953,0.591578093776246,0.7889010125377549,0.24842157042877877
17,3,1979-04-01,2006-01-01,2006-02-01,2014-12-01,"[64, 128, 256]",3,0.2,256,1,0.0003,1e-05,32,12,1.0,60,0.9871576428413391,0.4485981308411215,0.3444444444444445,0.6632407522424146,0.023050650305006304
18,1,1979-04-01,1988-03-01,1988-04-01,1997-02-01,"[128, 256, 512]",5,0.2,128,1,0.001,0.0001,16,12,1.0,60,0.9932484983283782,0.5233644859813084,0.5102254067771309,0.7112961497211173,-0.09390512404622275
18,2,1979-04-01,1997-02-01,1997-03-01,2006-01-01,"[128, 256, 512]",5,0.2,128,1,0.001,0.0001,16,12,1.0,60,0.818917769137944,0.5887850467289719,0.571011143951588,0.839515970592665,0.2143201146463618
18,3,1979-04-01,2006-01-01,2006-02-01,2014-12-01,"[128, 256, 512]",5,0.2,128,1,0.001,0.0001,16,12,1.0,60,0.9952977182709168,0.5233644859813084,0.4665291682115931,0.6831568592137612,0.012645171561865065
19,1,1979-04-01,1988-03-01,1988-04-01,1997-02-01,"[32, 64, 128]",5,0.2,512,1,0.0003,1e-05,8,12,1.0,60,0.9613580191246817,0.4766355140186916,0.4405366357069143,0.6575978379754625,-0.029983068155371218
19,2,1979-04-01,1997-02-01,1997-03-01,2006-01-01,"[32, 64, 128]",5,0.2,512,1,0.0003,1e-05,8,12,1.0,60,0.8045928132868259,0.5794392523364486,0.46694796061884664,0.774614547356692,0.2316700720083681
19,3,1979-04-01,2006-01-01,2006-02-01,2014-12-01,"[32, 64, 128]",5,0.2,512,1,0.0003,1e-05,8,12,1.0,60,1.0228639930208152,0.4485981308411215,0.3229357798165138,0.6678669352493873,-0.02654476949943696
20,1,1979-04-01,1988-03-01,1988-04-01,1997-02-01,"[32, 64, 128]",3,0.4,512,1,0.0005,1e-05,16,12,0.5,60,0.8573558453087494,0.6261682242990654,0.46505376344086025,0.7015487735961529,0.10123030324907267
20,2,1979-04-01,1997-02-01,1997-03-01,2006-01-01,"[32, 64, 128]",3,0.4,512,1,0.0005,1e-05,16,12,0.5,60,0.7838525983774773,0.6355140186915887,0.6275241698192517,0.80390084469381,0.2679367849594335
20,3,1979-04-01,2006-01-01,2006-02-01,2014-12-01,"[32, 64, 128]",3,0.4,512,1,0.0005,1e-05,16,12,0.5,60,1.0057823440738927,0.514018691588785,0.3766623766623766,0.6546350690763446,0.011636536882280057
21,1,1979-04-01,1988-03-01,1988-04-01,1997-02-01,"[128, 256, 512]",3,0.2,256,2,0.0003,0.0,16,12,1.0,60,0.8780632286428292,0.5607476635514018,0.506074968176032,0.7011278577437436,0.051925077304306844
21,2,1979-04-01,1997-02-01,1997-03-01,2006-01-01,"[128, 256, 512]",3,0.2,256,2,0.0003,0.0,16,12,1.0,60,0.7931360546673569,0.6728971962616822,0.6228870858688302,0.7899422714640106,0.250850810336518
21,3,1979-04-01,2006-01-01,2006-02-01,2014-12-01,"[128, 256, 512]",3,0.2,256,2,0.0003,0.0,16,12,1.0,60,0.9824297160745781,0.5046728971962616,0.3700534759358289,0.6596607282259038,0.033063366120011706
22,1,1979-04-01,1988-03-01,1988-04-01,1997-02-01,"[64, 128, 256, 512]",3,0.0,256,2,0.001,0.0001,8,25,0.5,60,1.0136570395710311,0.6074766355140186,0.49358327325162227,0.7065024563178469,0.013185440657923264
22,2,1979-04-01,1997-02-01,1997-03-01,2006-01-01,"[64, 128, 256, 512]",3,0.0,256,2,0.001,0.0001,8,25,0.5,60,0.9767117834536829,0.514018691588785,0.5074136955291454,0.7900201350658204,0.1518792181613734
22,3,1979-04-01,2006-01-01,2006-02-01,2014-12-01,"[64, 128, 256, 512]",3,0.0,256,2,0.001,0.0001,8,25,0.5,60,1.1341550779119831,0.45794392523364486,0.4055711127487103,0.6726258984719538,-0.09140651741153727
23,1,1979-04-01,1988-03-01,1988-04-01,1997-02-01,"[32, 64, 128]",5,0.0,128,1,0.001,0.0001,32,25,0.5,60,0.921177089214325,0.5420560747663551,0.437693851486955,0.6521186987796863,0.01637238392343543
23,2,1979-04-01,1997-02-01,1997-03-01,2006-01-01,"[32, 64, 128]",5,0.0,128,1,0.001,0.0001,32,25,0.5,60,0.80629962682724,0.5887850467289719,0.571012443438914,0.8193547581781916,0.2425340135001155
23,3,1979-04-01,2006-01-01,2006-02-01,2014-12-01,"[32, 64, 128]",5,0.0,128,1,0.001,0.0001,32,25,0.5,60,1.0082955360412598,0.48598130841121495,0.4229616186059017,0.6829202695846993,0.0027565644077345297
24,1,1979-04-01,1988-03-01,1988-04-01,1997-02-01,"[32, 64, 128]",3,0.4,128,1,0.0003,0.0,32,12,0.5,60,0.9181103706359863,0.5700934579439252,0.4532243236143945,0.6866166735315499,0.036626299961454056
24,2,1979-04-01,1997-02-01,1997-03-01,2006-01-01,"[32, 64, 128]",3,0.4,128,1,0.0003,0.0,32,12,0.5,60,0.8294107913970947,0.5887850467289719,0.50696571093093,0.7749098419029034,0.22959929519254296
24,3,1979-04-01,2006-01-01,2006-02-01,2014-12-01,"[32, 64, 128]",3,0.4,128,1,0.0003,0.0,32,12,0.5,60,0.9856352210044861,0.48598130841121495,0.35761823845935997,0.6623606691416938,0.02184918110566536
25,1,1979-04-01,1988-03-01,1988-04-01,1997-02-01,"[64, 128, 256]",3,0.4,512,2,0.001,0.0,8,25,1.0,60,0.9143621553884489,0.5514018691588785,0.4072549019607843,0.711690991690359,0.04052731229238804
25,2,1979-04-01,1997-02-01,1997-03-01,2006-01-01,"[64, 128, 256]",3,0.4,512,2,0.001,0.0,8,25,1.0,60,0.8006559354122554,0.6355140186915887,0.6139455782312925,0.7800361903559442,0.2526342919423664
25,3,1979-04-01,2006-01-01,2006-02-01,2014-12-01,"[64, 128, 256]",3,0.4,512,2,0.001,0.0,8,25,1.0,60,1.0325318613899088,0.4953271028037383,0.4438818565400844,0.6689686283644557,-0.02216848474706179
26,1,1979-04-01,1988-03-01,1988-04-01,1997-02-01,"[64, 128, 256]",3,0.2,512,1,0.0003,0.0,16,25,1.0,60,0.8844762828862556,0.5607476635514018,0.456617169904951,0.6865565908593232,0.05976357780384245
26,2,1979-04-01,1997-02-01,1997-03-01,2006-01-01,"[64, 128, 256]",3,0.2,512,1,0.0003,0.0,16,25,1.0,60,0.7928657197506628,0.5981308411214953,0.5987119061400364,0.8054077525865605,0.25267713965554284
26,3,1979-04-01,2006-01-01,2006-02-01,2014-12-01,"[64, 128, 256]",3,0.2,512,1,0.0003,0.0,16,25,1.0,60,0.9644613923313462,0.5046728971962616,0.4368854829381146,0.6832973800996037,0.05411056657426494
27,1,1979-04-01,1988-03-01,1988-04-01,1997-02-01,"[64, 128, 256]",5,0.4,256,1,0.001,0.0001,16,12,1.0,60,0.8964788523789878,0.5514018691588785,0.4938638974940734,0.7002855729231601,0.012977175545961561
27,2,1979-04-01,1997-02-01,1997-03-01,2006-01-01,"[64, 128, 256]",5,0.4,256,1,0.001,0.0001,16,12,1.0,60,0.8638276240535986,0.6355140186915887,0.6361819090454772,0.7951553645855443,0.2218818137569929
27,3,1979-04-01,2006-01-01,2006-02-01,2014-12-01,"[64, 128, 256]",5,0.4,256,1,0.001,0.0001,16,12,1.0,60,1.0939740432757084,0.5327102803738317,0.3894951258547941,0.6430578058729318,-0.053859233546099894
28,1,1979-04-01,1988-03-01,1988-04-01,1997-02-01,"[64, 128, 256]",3,0.4,256,1,0.0003,0.0,32,25,1.0,60,0.9280701279640198,0.5233644859813084,0.49434035909445745,0.67273862953212,-0.004648895804532316
28,2,1979-04-01,1997-02-01,1997-03-01,2006-01-01,"[64, 128, 256]",3,0.4,256,1,0.0003,0.0,32,25,1.0,60,0.8210034370422363,0.5981308411214953,0.5605473338031478,0.7620366605916074,0.2152829977563433
28,3,1979-04-01,2006-01-01,2006-02-01,2014-12-01,"[64, 128, 256]",3,0.4,256,1,0.0003,0.0,32,25,1.0,60,0.9720824956893921,0.48598130841121495,0.4203717887928415,0.6744854812882387,0.037912760495572795
29,1,1979-04-01,1988-03-01,1988-04-01,1997-02-01,"[64, 128, 256]",3,0.4,512,1,0.001,1e-05,16,12,0.5,60,0.9207214696385037,0.514018691588785,0.42352321552321553,0.6781362449524219,0.021743088487000017
29,2,1979-04-01,1997-02-01,1997-03-01,2006-01-01,"[64, 128, 256]",3,0.4,512,1,0.001,1e-05,16,12,0.5,60,0.7869408620852176,0.7009345794392523,0.6911852142979512,0.8287912467607012,0.2905781647211011
29,3,1979-04-01,2006-01-01,2006-02-01,2014-12-01,"[64, 128, 256]",3,0.4,512,1,0.001,1e-05,16,12,0.5,60,1.0245877665894054,0.5700934579439252,0.4205587079877782,0.6797120554803301,0.007071994346806498
30,1,1979-04-01,1988-03-01,1988-04-01,1997-02-01,"[64, 128, 256, 512]",3,0.0,128,1,0.0003,0.0,32,12,0.5,60,0.9377026557922363,0.5794392523364486,0.3370329263780984,0.6744632096540104,0.023806563183166762
30,2,1979-04-01,1997-02-01,1997-03-01,2006-01-01,"[64, 128, 256, 512]",3,0.0,128,1,0.0003,0.0,32,12,0.5,60,0.7942199110984802,0.6635514018691588,0.6501779670269681,0.7974262007838938,0.25775149930354546
30,3,1979-04-01,2006-01-01,2006-02-01,2014-12-01,"[64, 128, 256, 512]",3,0.0,128,1,0.0003,0.0,32,12,0.5,60,0.9675184488296509,0.514018691588785,0.33360950013808344,0.6927459022732704,0.04237414215228008
31,1,1979-04-01,1988-03-01,1988-04-01,1997-02-01,"[64, 128, 256, 512]",5,0.2,512,1,0.0005,0.0001,8,12,1.0,60,0.9213079815713044,0.5046728971962616,0.4850250847747719,0.7554312691291966,0.01874547129192128
31,2,1979-04-01,1997-02-01,1997-03-01,2006-01-01,"[64, 128, 256, 512]",5,0.2,512,1,0.0005,0.0001,8,12,1.0,60,0.9926547124007038,0.6074766355140186,0.5960583610391197,0.7894835524151791,0.13259198455269905
31,3,1979-04-01,2006-01-01,2006-02-01,2014-12-01,"[64, 128, 256, 512]",5,0.2,512,1,0.0005,0.0001,8,12,1.0,60,1.1323928197967672,0.42990654205607476,0.3076370944587999,0.6639641314201701,-0.11388382993180923
32,1,1979-04-01,1988-03-01,1988-04-01,1997-02-01,"[64, 128, 256, 512]",3,0.2,128,2,0.0003,0.0001,16,12,1.0,60,0.9666033069664073,0.514018691588785,0.509532614278377,0.6841184394874776,-0.03659611802949603
32,2,1979-04-01,1997-02-01,1997-03-01,2006-01-01,"[64, 128, 256, 512]",3,0.2,128,2,0.0003,0.0001,16,12,1.0,60,0.8897154314495693,0.5794392523364486,0.48610281923714754,0.8029391496366309,0.1657450164714851
32,3,1979-04-01,2006-01-01,2006-02-01,2014-12-01,"[64, 128, 256, 512]",3,0.2,128,2,0.0003,0.0001,16,12,1.0,60,1.0402940979627806,0.48598130841121495,0.3534632034632035,0.6700583352907623,-0.039019242359375594
33,1,1979-04-01,1988-03-01,1988-04-01,1997-02-01,"[64, 128, 256, 512]",5,0.4,512,1,0.0005,0.0001,8,12,1.0,60,1.0602842469081701,0.5327102803738317,0.43935574229691876,0.6719153684003331,-0.09657639351900982
33,2,1979-04-01,1997-02-01,1997-03-01,2006-01-01,"[64, 128, 256, 512]",5,0.4,512,1,0.0005,0.0001,8,12,1.0,60,0.7291140511771229,0.7009345794392523,0.666334991708126,0.819892608407967,0.3258857211948961
33,3,1979-04-01,2006-01-01,2006-02-01,2014-12-01,"[64, 128, 256, 512]",5,0.4,512,1,0.0005,0.0001,8,12,1.0,60,1.0702799904012235,0.45794392523364486,0.29008482825754417,0.6053725499862393,-0.09963984444258722
34,1,1979-04-01,1988-03-01,1988-04-01,1997-02-01,"[32, 64, 128]",3,0.0,512,2,0.0005,0.0,8,25,1.0,60,0.9072909756241557,0.5233644859813084,0.46669089147286824,0.663820608288427,-0.003134807493226477
34,2,1979-04-01,1997-02-01,1997-03-01,2006-01-01,"[32, 64, 128]",3,0.0,512,2,0.0005,0.0,8,25,1.0,60,0.7943287463945763,0.6074766355140186,0.595236196551986,0.7984501150683342,0.2714480683265107
34,3,1979-04-01,2006-01-01,2006-02-01,2014-12-01,"[32, 64, 128]",3,0.0,512,2,0.0005,0.0,8,25,1.0,60,1.0888297000778056,0.4766355140186916,0.3251773917298752,0.6534368099360702,-0.03157539955221833
35,1,1979-04-01,1988-03-01,1988-04-01,1997-02-01,"[128, 256, 512]",3,0.0,512,1,0.0005,0.0,16,12,0.5,60,0.930805372300549,0.5794392523364486,0.47941348544683343,0.7221103349082633,0.027540410153814254
35,2,1979-04-01,1997-02-01,1997-03-01,2006-01-01,"[128, 256, 512]",3,0.0,512,1,0.0005,0.0,16,12,0.5,60,0.8452730401654109,0.5981308411214953,0.45953954866651464,0.7721413172778148,0.18780016983481962
35,3,1979-04-01,2006-01-01,2006-02-01,2014-12-01,"[128, 256, 512]",3,0.0,512,1,0.0005,0.0,16,12,0.5,60,1.0881647818556457,0.5046728971962616,0.3694508731327583,0.6845510148690767,-0.034479208716353016
36,1,1979-04-01,1988-03-01,1988-04-01,1997-02-01,"[64, 128, 256]",5,0.2,128,2,0.0003,1e-05,32,12,0.5,60,0.973861813545227,0.42990654205607476,0.405442577856371,0.6823408974255422,-0.039271520936012605
36,2,1979-04-01,1997-02-01,1997-03-01,2006-01-01,"[64, 128, 256]",5,0.2,128,2,0.0003,1e-05,32,12,0.5,60,0.7853937149047852,0.6542056074766355,0.6384439359267735,0.8230708748798213,0.29785400498316994
36,3,1979-04-01,2006-01-01,2006-02-01,2014-12-01,"[64, 128, 256]",5,0.2,128,2,0.0003,1e-05,32,12,0.5,60,0.945819079875946,0.5514018691588785,0.40040650406504064,0.6704254718102725,0.0649517446044543
37,1,1979-04-01,1988-03-01,1988-04-01,1997-02-01,"[64, 128, 256, 512]",3,0.2,128,2,0.0005,0.0,16,12,0.5,60,0.9011476017604364,0.5514018691588785,0.518044490879805,0.704779888316887,0.04954671906580199
37,2,1979-04-01,1997-02-01,1997-03-01,2006-01-01,"[64, 128, 256, 512]",3,0.2,128,2,0.0005,0.0,16,12,0.5,60,0.8571310890055148,0.5700934579439252,0.5603528149611099,0.7754380848535801,0.19769620888593498
37,3,1979-04-01,2006-01-01,2006-02-01,2014-12-01,"[64, 128, 256, 512]",3,0.2,128,2,0.0005,0.0,16,12,0.5,60,0.9377026128991742,0.514018691588785,0.3670708955223881,0.6942282935282676,0.07579284182911472
38,1,1979-04-01,1988-03-01,1988-04-01,1997-02-01,"[64, 128, 256]",3,0.4,512,2,0.001,1e-05,8,25,1.0,60,0.994319157622685,0.4953271028037383,0.4808277287463227,0.7285624738561768,-0.05458035910149972
38,2,1979-04-01,1997-02-01,1997-03-01,2006-01-01,"[64, 128, 256]",3,0.4,512,2,0.001,1e-05,8,25,1.0,60,0.7770049571990967,0.6822429906542056,0.6670618663083524,0.8337482239662594,0.32149193172804424
38,3,1979-04-01,2006-01-01,2006-02-01,2014-12-01,"[64, 128, 256]",3,0.4,512,2,0.001,1e-05,8,25,1.0,60,1.06385395125808,0.5046728971962616,0.36825885978428347,0.6696642393160565,-0.026636113240388726
39,1,1979-04-01,1988-03-01,1988-04-01,1997-02-01,"[64, 128, 256, 512]",5,0.0,128,1,0.0005,1e-05,8,12,0.5,60,1.0056551438625727,0.3644859813084112,0.35305151305151306,0.745986936588804,-0.08597860351343911
39,2,1979-04-01,1997-02-01,1997-03-01,2006-01-01,"[64, 128, 256, 512]",5,0.0,128,1,0.0005,1e-05,8,12,0.5,60,0.8561957729196994,0.616822429906542,0.602981473398322,0.8189061541584964,0.21602154243423266
39,3,1979-04-01,2006-01-01,2006-02-01,2014-12-01,"[64, 128, 256, 512]",5,0.0,128,1,0.0005,1e-05,8,12,0.5,60,1.0537409476030652,0.4766355140186916,0.45185647831011894,0.6463662015599669,-0.03478930419491144
40,1,1979-04-01,1988-03-01,1988-04-01,1997-02-01,"[64, 128, 256, 512]",5,0.2,512,2,0.0005,0.0,32,25,0.5,60,0.9356194734573364,0.6074766355140186,0.5498664456111264,0.7431200862942835,0.027103575590003093
40,2,1979-04-01,1997-02-01,1997-03-01,2006-01-01,"[64, 128, 256, 512]",5,0.2,512,2,0.0005,0.0,32,25,0.5,60,0.7724478244781494,0.6261682242990654,0.6238771994585948,0.8326134144211158,0.2995315845850556
40,3,1979-04-01,2006-01-01,2006-02-01,2014-12-01,"[64, 128, 256, 512]",5,0.2,512,2,0.0005,0.0,32,25,0.5,60,1.20442533493042,0.5233644859813084,0.4700564971751413,0.6962209737625712,-0.03708243722243387
41,1,1979-04-01,1988-03-01,1988-04-01,1997-02-01,"[128, 256, 512]",3,0.4,256,2,0.001,0.0,32,25,1.0,60,0.9218215346336365,0.5700934579439252,0.3508448540706605,0.6579754340478406,0.04711230523505949
41,2,1979-04-01,1997-02-01,1997-03-01,2006-01-01,"[128, 256, 512]",3,0.4,256,2,0.001,0.0,32,25,1.0,60,0.7581289410591125,0.6074766355140186,0.5897473838236865,0.8148381614310906,0.27873104163878837
41,3,1979-04-01,2006-01-01,2006-02-01,2014-12-01,"[128, 256, 512]",3,0.4,256,2,0.001,0.0,32,25,1.0,60,1.098854899406433,0.5420560747663551,0.37503146237100426,0.6652776234933961,-0.004871780457326169
42,1,1979-04-01,1988-03-01,1988-04-01,1997-02-01,"[128, 256, 512]",3,0.2,128,2,0.0003,0.0,16,12,1.0,60,0.9024684741118244,0.616822429906542,0.40472599296128714,0.6588074167614384,0.06127986861221413
42,2,1979-04-01,1997-02-01,1997-03-01,2006-01-01,"[128, 256, 512]",3,0.2,128,2,0.0003,0.0,16,12,1.0,60,0.8105296214050222,0.6448598130841121,0.5966096419735503,0.7860861377851648,0.24222264246361036
42,3,1979-04-01,2006-01-01,2006-02-01,2014-12-01,"[128, 256, 512]",3,0.2,128,2,0.0003,0.0,16,12,1.0,60,0.9686519876818791,0.5420560747663551,0.3984170729983747,0.6683017522705486,0.03990109441393164
43,1,1979-04-01,1988-03-01,1988-04-01,1997-02-01,"[64, 128, 256, 512]",5,0.2,128,1,0.001,1e-05,16,12,0.5,60,0.9433825996434577,0.5046728971962616,0.5083387440482136,0.7597606061488599,-0.06840042426277182
43,2,1979-04-01,1997-02-01,1997-03-01,2006-01-01,"[64, 128, 256, 512]",5,0.2,128,1,0.001,1e-05,16,12,0.5,60,0.9974108176810719,0.5981308411214953,0.6026936026936027,0.8157058212365685,0.14117635731424505
43,3,1979-04-01,2006-01-01,2006-02-01,2014-12-01,"[64, 128, 256, 512]",5,0.2,128,1,0.001,1e-05,16,12,0.5,60,1.0944359335943916,0.4953271028037383,0.3682847896440129,0.6709667958409741,-0.054203734115925384
44,1,1979-04-01,1988-03-01,1988-04-01,1997-02-01,"[128, 256, 512]",5,0.0,128,2,0.001,0.0,32,12,1.0,60,1.0138558149337769,0.5794392523364486,0.3834779287390189,0.6812679109249485,-0.024160622168398982
44,2,1979-04-01,1997-02-01,1997-03-01,2006-01-01,"[128, 256, 512]",5,0.0,128,2,0.001,0.0,32,12,1.0,60,1.0723540782928467,0.514018691588785,0.46561403508771937,0.786309272329118,0.012631088767733778
44,3,1979-04-01,2006-01-01,2006-02-01,2014-12-01,"[128, 256, 512]",5,0.0,128,2,0.001,0.0,32,12,1.0,60,1.181541085243225,0.45794392523364486,0.4309555179120397,0.6909803307224345,-0.05893733926148803
45,1,1979-04-01,1988-03-01,1988-04-01,1997-02-01,"[32, 64, 128]",3,0.4,128,2,0.001,1e-05,32,12,0.5,60,0.909826397895813,0.5607476635514018,0.4080742137938564,0.6913817931438301,0.03210824295456538
45,2,1979-04-01,1997-02-01,1997-03-01,2006-01-01,"[32, 64, 128]",3,0.4,128,2,0.001,1e-05,32,12,0.5,60,0.7577357292175293,0.6635514018691588,0.6517039805612966,0.8085492012402075,0.28429392655377805
45,3,1979-04-01,2006-01-01,2006-02-01,2014-12-01,"[32, 64, 128]",3,0.4,128,2,0.001,1e-05,32,12,0.5,60,1.030144214630127,0.4672897196261682,0.3209123757904246,0.6786010572670427,-0.012014283695544359
46,1,1979-04-01,1988-03-01,1988-04-01,1997-02-01,"[64, 128, 256, 512]",5,0.2,128,2,0.001,1e-05,8,12,1.0,60,1.0125798209805354,0.5046728971962616,0.4800225339562301,0.7083555120946999,-0.06488979241155812
46,2,1979-04-01,1997-02-01,1997-03-01,2006-01-01,"[64, 128, 256, 512]",5,0.2,128,2,0.001,1e-05,8,12,1.0,60,0.8950662033580173,0.5981308411214953,0.5804597701149425,0.8056116388635345,0.15931986569987555
46,3,1979-04-01,2006-01-01,2006-02-01,2014-12-01,"[64, 128, 256, 512]",5,0.2,128,2,0.001,1e-05,8,12,1.0,60,1.132793400889245,0.411214953271028,0.32681655262300424,0.6081509124829901,-0.15759341411508032
47,1,1979-04-01,1988-03-01,1988-04-01,1997-02-01,"[128, 256, 512]",3,0.0,256,1,0.001,1e-05,16,12,1.0,60,0.9142945492379019,0.5046728971962616,0.4061034523388712,0.6719559384013148,-0.023411432045914893
47,2,1979-04-01,1997-02-01,1997-03-01,2006-01-01,"[128, 256, 512]",3,0.0,256,1,0.001,1e-05,16,12,1.0,60,0.8442558194989356,0.6074766355140186,0.6123249299719887,0.7799955192371616,0.23380240711240452
47,3,1979-04-01,2006-01-01,2006-02-01,2014-12-01,"[128, 256, 512]",3,0.0,256,1,0.001,1e-05,16,12,1.0,60,1.0835299931954,0.411214953271028,0.3116937879746229,0.6261144904024923,-0.05163444906842796
48,1,1979-04-01,1988-03-01,1988-04-01,1997-02-01,"[64, 128, 256, 512]",3,0.2,256,2,0.001,0.0,8,25,1.0,60,0.900249783123765,0.5420560747663551,0.30126014037006654,0.7509295687853882,0.057183503475842334
48,2,1979-04-01,1997-02-01,1997-03-01,2006-01-01,"[64, 128, 256, 512]",3,0.2,256,2,0.001,0.0,8,25,1.0,60,0.8229526849550621,0.514018691588785,0.4678501537601341,0.8635170225424328,0.1878740399390474
48,3,1979-04-01,2006-01-01,2006-02-01,2014-12-01,"[64, 128, 256, 512]",3,0.2,256,2,0.001,0.0,8,25,1.0,60,0.9871553851065235,0.4953271028037383,0.36264815204432294,0.6926972820611583,0.01640617822914836
49,1,1979-04-01,1988-03-01,1988-04-01,1997-02-01,"[128, 256, 512]",5,0.0,128,2,0.0003,0.0001,16,25,0.5,60,0.9134269529413954,0.5514018691588785,0.41724137931034483,0.6734251202406645,0.04330830166334787
49,2,1979-04-01,1997-02-01,1997-03-01,2006-01-01,"[128, 256, 512]",5,0.0,128,2,0.0003,0.0001,16,25,0.5,60,0.7840959847530472,0.6261682242990654,0.6107427473633197,0.8230386688097789,0.2722289583028781
49,3,1979-04-01,2006-01-01,2006-02-01,2014-12-01,"[128, 256, 512]",5,0.0,128,2,0.0003,0.0001,16,25,0.5,60,0.9662340862728725,0.514018691588785,0.4892526455026455,0.6900591841913197,0.050275485971223555
50,1,1979-04-01,1988-03-01,1988-04-01,1997-02-01,"[64, 128, 256]",3,0.0,256,2,0.0003,1e-05,32,12,1.0,60,0.8873465657234192,0.5514018691588785,0.34785405753147686,0.6778105013440202,0.056591276557278136
50,2,1979-04-01,1997-02-01,1997-03-01,2006-01-01,"[64, 128, 256]",3,0.0,256,2,0.0003,1e-05,32,12,1.0,60,0.7900990843772888,0.6915887850467289,0.6175629084831681,0.8224953229433732,0.2705209100677124
50,3,1979-04-01,2006-01-01,2006-02-01,2014-12-01,"[64, 128, 256]",3,0.0,256,2,0.0003,1e-05,32,12,1.0,60,0.9784632921218872,0.4953271028037383,0.36396081430496374,0.6677780078987204,0.032224896762564015
51,1,1979-04-01,1988-03-01,1988-04-01,1997-02-01,"[128, 256, 512]",3,0.0,128,1,0.0003,1e-05,8,25,0.5,60,0.8903592746948528,0.5700934579439252,0.3747252747252747,0.6744329764311416,0.048411568470431376
51,2,1979-04-01,1997-02-01,1997-03-01,2006-01-01,"[128, 256, 512]",3,0.0,128,1,0.0003,1e-05,8,25,0.5,60,0.7660040097815968,0.5794392523364486,0.5703306355480269,0.8248172710490979,0.2789915450585527
51,3,1979-04-01,2006-01-01,2006-02-01,2014-12-01,"[128, 256, 512]",3,0.0,128,1,0.0003,1e-05,8,25,0.5,60,1.0569934215501091,0.4953271028037383,0.3410814778566185,0.6720448659455659,-0.025539986984937313
52,1,1979-04-01,1988-03-01,1988-04-01,1997-02-01,"[128, 256, 512]",5,0.2,128,1,0.0005,0.0001,8,12,0.5,60,0.8642377602719815,0.5420560747663551,0.4762887611184825,0.7626876120445295,0.08664744904612509
52,2,1979-04-01,1997-02-01,1997-03-01,2006-01-01,"[128, 256, 512]",5,0.2,128,1,0.0005,0.0001,8,12,0.5,60,0.9826326782458297,0.4672897196261682,0.4739082644012222,0.7070907866535138,-0.005378236345432219
52,3,1979-04-01,2006-01-01,2006-02-01,2014-12-01,"[128, 256, 512]",5,0.2,128,1,0.0005,0.0001,8,12,0.5,60,1.0818832589087086,0.5420560747663551,0.40328563857975624,0.6407423407472974,-0.06038292088218844
53,1,1979-04-01,1988-03-01,1988-04-01,1997-02-01,"[32, 64, 128]",3,0.2,512,2,0.0005,0.0,16,25,1.0,60,0.9050751891091605,0.5046728971962616,0.434344790547798,0.6423561725677165,-0.006121409473426098
53,2,1979-04-01,1997-02-01,1997-03-01,2006-01-01,"[32, 64, 128]",3,0.2,512,2,0.0005,0.0,16,25,1.0,60,0.7528933587475358,0.6261682242990654,0.47924297924297926,0.803635730098817,0.29941893724429236
53,3,1979-04-01,2006-01-01,2006-02-01,2014-12-01,"[32, 64, 128]",3,0.2,512,2,0.0005,0.0,16,25,1.0,60,0.97454735107511,0.5046728971962616,0.3700534759358289,0.6619709824711425,0.044288744247785616
54,1,1979-04-01,1988-03-01,1988-04-01,1997-02-01,"[64, 128, 256, 512]",5,0.0,512,1,0.001,1e-05,32,25,0.5,60,0.9657491445541382,0.5794392523364486,0.5300379119276757,0.7459206190914721,-0.04459696400445701
54,2,1979-04-01,1997-02-01,1997-03-01,2006-01-01,"[64, 128, 256, 512]",5,0.0,512,1,0.001,1e-05,32,25,0.5,60,0.9656006097793579,0.5420560747663551,0.5117521367521368,0.7568196561461854,0.12407784449032777
54,3,1979-04-01,2006-01-01,2006-02-01,2014-12-01,"[64, 128, 256, 512]",5,0.0,512,1,0.001,1e-05,32,25,0.5,60,0.9827068448066711,0.5046728971962616,0.5034487525053563,0.7061727628706689,0.029503271461963743
55,1,1979-04-01,1988-03-01,1988-04-01,1997-02-01,"[64, 128, 256, 512]",5,0.2,256,1,0.001,0.0,32,12,1.0,60,1.0716845989227295,0.308411214953271,0.2886904761904762,0.6909524390564078,-0.13868176020108014
55,2,1979-04-01,1997-02-01,1997-03-01,2006-01-01,"[64, 128, 256, 512]",5,0.2,256,1,0.001,0.0,32,12,1.0,60,0.916044294834137,0.5514018691588785,0.5282067782067782,0.8121578831730917,0.14537768344940416
55,3,1979-04-01,2006-01-01,2006-02-01,2014-12-01,"[64, 128, 256, 512]",5,0.2,256,1,0.001,0.0,32,12,1.0,60,1.1481961011886597,0.411214953271028,0.3780359533371582,0.6478796996019311,-0.16791007593085827
56,1,1979-04-01,1988-03-01,1988-04-01,1997-02-01,"[64, 128, 256, 512]",5,0.4,512,1,0.0003,1e-05,8,12,1.0,60,0.8949548964188477,0.5327102803738317,0.49789177207806273,0.7500610080326545,0.06518653991893941
56,2,1979-04-01,1997-02-01,1997-03-01,2006-01-01,"[64, 128, 256, 512]",5,0.4,512,1,0.0003,1e-05,8,12,1.0,60,0.9547805730427537,0.5420560747663551,0.5055141199719513,0.8317170244183357,0.0867318218646006
56,3,1979-04-01,2006-01-01,2006-02-01,2014-12-01,"[64, 128, 256, 512]",5,0.4,512,1,0.0003,1e-05,8,12,1.0,60,1.0511660509020369,0.40186915887850466,0.36932697403285636,0.6432570430648791,-0.04709452949800097
57,1,1979-04-01,1988-03-01,1988-04-01,1997-02-01,"[64, 128, 256]",5,0.4,512,2,0.0005,0.0,8,12,1.0,60,0.9214284264038657,0.5327102803738317,0.39386837248472467,0.7016809184128121,0.01794076104128195
57,2,1979-04-01,1997-02-01,1997-03-01,2006-01-01,"[64, 128, 256]",5,0.4,512,2,0.0005,0.0,8,12,1.0,60,0.8950330642896278,0.5607476635514018,0.5451372610303693,0.7624795596302437,0.1867299430807705
57,3,1979-04-01,2006-01-01,2006-02-01,2014-12-01,"[64, 128, 256]",5,0.4,512,2,0.0005,0.0,8,12,1.0,60,1.011499262858774,0.48598130841121495,0.35017591137061155,0.655785146459093,-0.0053857740422595946
58,1,1979-04-01,1988-03-01,1988-04-01,1997-02-01,"[64, 128, 256]",5,0.2,512,1,0.0005,0.0,16,25,1.0,60,0.8651717009945451,0.616822429906542,0.5224800231058053,0.7100857699125488,0.09806196106134013
58,2,1979-04-01,1997-02-01,1997-03-01,2006-01-01,"[64, 128, 256]",5,0.2,512,1,0.0005,0.0,16,25,1.0,60,0.8442986568557882,0.6261682242990654,0.6355576355576354,0.8117528523588259,0.22027989715825458
58,3,1979-04-01,2006-01-01,2006-02-01,2014-12-01,"[64, 128, 256]",5,0.2,512,1,0.0005,0.0,16,25,1.0,60,1.086238677813628,0.5046728971962616,0.43382807668521955,0.6406158901907656,-0.06579291748201155
59,1,1979-04-01,1988-03-01,1988-04-01,1997-02-01,"[128, 256, 512]",3,0.0,512,1,0.001,1e-05,32,25,1.0,60,1.052444338798523,0.42990654205607476,0.44005376344086017,0.698686982895083,-0.10931039566937906
59,2,1979-04-01,1997-02-01,1997-03-01,2006-01-01,"[128, 256, 512]",3,0.0,512,1,0.001,1e-05,32,25,1.0,60,0.8362589478492737,0.5233644859813084,0.4915350813655899,0.8019574661928827,0.21903822805777384
59,3,1979-04-01,2006-01-01,2006-02-01,2014-12-01,"[128, 256, 512]",3,0.0,512,1,0.001,1e-05,32,25,1.0,60,1.114819049835205,0.4766355140186916,0.43311160384331115,0.6845501364786393,-0.07900161086160762
60,1,1979-04-01,1988-03-01,1988-04-01,1997-02-01,"[128, 256, 512]",3,0.2,512,2,0.0003,0.0,16,12,0.5,60,0.8972725946212483,0.5607476635514018,0.3903884786237728,0.676914709409806,0.045124639311542536
60,2,1979-04-01,1997-02-01,1997-03-01,2006-01-01,"[128, 256, 512]",3,0.2,512,2,0.0003,0.0,16,12,0.5,60,0.8202753167286098,0.6542056074766355,0.5007707369912094,0.7942582665141469,0.23343146111644175
60,3,1979-04-01,2006-01-01,2006-02-01,2014-12-01,"[128, 256, 512]",3,0.2,512,2,0.0003,0.0,16,12,0.5,60,1.0693779738149911,0.514018691588785,0.4055840455840456,0.6708678098511708,-0.03767932737860802
61,1,1979-04-01,1988-03-01,1988-04-01,1997-02-01,"[128, 256, 512]",3,0.4,256,1,0.0003,0.0,8,12,0.5,60,0.9344913981785284,0.4485981308411215,0.4230842532729325,0.677478904292912,-0.022253353375966345
61,2,1979-04-01,1997-02-01,1997-03-01,2006-01-01,"[128, 256, 512]",3,0.4,256,1,0.0003,0.0,8,12,0.5,60,0.8044736853269773,0.6635514018691588,0.6515093463369325,0.7958934998707775,0.250248588972374
61,3,1979-04-01,2006-01-01,2006-02-01,2014-12-01,"[128, 256, 512]",3,0.4,256,1,0.0003,0.0,8,12,0.5,60,1.1144531452767203,0.4953271028037383,0.4416307759690488,0.6452466115836001,-0.07434098046156001
62,1,1979-04-01,1988-03-01,1988-04-01,1997-02-01,"[32, 64, 128]",5,0.0,512,2,0.001,0.0,16,25,1.0,60,0.9024000925438427,0.5514018691588785,0.48607485110530946,0.6843504024791818,0.01907292010834405
62,2,1979-04-01,1997-02-01,1997-03-01,2006-01-01,"[32, 64, 128]",5,0.0,512,2,0.001,0.0,16,25,1.0,60,0.7682593994051496,0.6822429906542056,0.5246031746031746,0.7611983045853238,0.29670634825943254
62,3,1979-04-01,2006-01-01,2006-02-01,2014-12-01,"[32, 64, 128]",5,0.0,512,2,0.001,0.0,16,25,1.0,60,1.2065183704144486,0.4485981308411215,0.4334130781499203,0.5937567214008825,-0.15360486553702768
63,1,1979-04-01,1988-03-01,1988-04-01,1997-02-01,"[32, 64, 128]",5,0.2,256,1,0.001,0.0,32,25,1.0,60,0.9367901682853699,0.4485981308411215,0.4523173446670714,0.686982608149647,-0.06195343380609497
63,2,1979-04-01,1997-02-01,1997-03-01,2006-01-01,"[32, 64, 128]",5,0.2,256,1,0.001,0.0,32,25,1.0,60,0.7236087322235107,0.6448598130841121,0.6145348837209302,0.8169718248076586,0.3088435291854842
63,3,1979-04-01,2006-01-01,2006-02-01,2014-12-01,"[32, 64, 128]",5,0.2,256,1,0.001,0.0,32,25,1.0,60,1.0450067520141602,0.514018691588785,0.37691686844229216,0.6806198536932574,0.011306032394981402
64,1,1979-04-01,1988-03-01,1988-04-01,1997-02-01,"[64, 128, 256, 512]",5,0.2,128,1,0.001,1e-05,32,25,0.5,60,0.9228214025497437,0.616822429906542,0.5179738562091504,0.7392640388534693,0.03524545090284881
64,2,1979-04-01,1997-02-01,1997-03-01,2006-01-01,"[64, 128, 256, 512]",5,0.2,128,1,0.001,1e-05,32,25,0.5,60,0.8851789236068726,0.5607476635514018,0.5541222744109673,0.7454545832576129,0.17851217082312276
64,3,1979-04-01,2006-01-01,2006-02-01,2014-12-01,"[64, 128, 256, 512]",5,0.2,128,1,0.001,1e-05,32,25,0.5,60,1.1102081537246704,0.4392523364485981,0.4236369910282954,0.6544959397336282,-0.006227322360234933
65,1,1979-04-01,1988-03-01,1988-04-01,1997-02-01,"[32, 64, 128]",5,0.0,512,2,0.0005,0.0001,32,25,1.0,60,0.9150781631469727,0.5700934579439252,0.46468809234766684,0.6673086814924233,0.034057807115812744
65,2,1979-04-01,1997-02-01,1997-03-01,2006-01-01,"[32, 64, 128]",5,0.0,512,2,0.0005,0.0001,32,25,1.0,60,0.7814063429832458,0.5981308411214953,0.5818354901085825,0.8067600497179112,0.24320043189188612
65,3,1979-04-01,2006-01-01,2006-02-01,2014-12-01,"[32, 64, 128]",5,0.0,512,2,0.0005,0.0001,32,25,1.0,60,1.0048754215240479,0.40186915887850466,0.2499797881801277,0.6599496886313064,0.0018769758097798572
66,1,1979-04-01,1988-03-01,1988-04-01,1997-02-01,"[128, 256, 512]",5,0.4,128,2,0.001,0.0,16,12,0.5,60,0.9787546808474532,0.5420560747663551,0.4589590254706534,0.6582349785189653,-0.051003365480450924
66,2,1979-04-01,1997-02-01,1997-03-01,2006-01-01,"[128, 256, 512]",5,0.4,128,2,0.001,0.0,16,12,0.5,60,0.7835117444813808,0.6074766355140186,0.5684184058335428,0.8008427292141622,0.2462019600488251
66,3,1979-04-01,2006-01-01,2006-02-01,2014-12-01,"[128, 256, 512]",5,0.4,128,2,0.001,0.0,16,12,0.5,60,0.9421387426206999,0.5327102803738317,0.4620744190133111,0.691348123230949,0.055021904204150096
67,1,1979-04-01,1988-03-01,1988-04-01,1997-02-01,"[64, 128, 256]",5,0.4,512,2,0.0005,1e-05,32,25,1.0,60,0.9063922762870789,0.5887850467289719,0.42709094070596415,0.6950895007649406,0.07830835942706349
67,2,1979-04-01,1997-02-01,1997-03-01,2006-01-01,"[64, 128, 256]",5,0.4,512,2,0.0005,1e-05,32,25,1.0,60,0.7531928420066833,0.6261682242990654,0.4851330203442879,0.7964367035340166,0.2956653477024491
67,3,1979-04-01,2006-01-01,2006-02-01,2014-12-01,"[64, 128, 256]",5,0.4,512,2,0.0005,1e-05,32,25,1.0,60,1.0088884830474854,0.4392523364485981,0.29222457129433876,0.6649472143169621,-0.000902242120107255
68,1,1979-04-01,1988-03-01,1988-04-01,1997-02-01,"[64, 128, 256, 512]",3,0.0,128,2,0.0005,0.0,16,12,0.5,60,0.9063310456053119,0.5514018691588785,0.4617203385823048,0.6924457747158153,0.04574753633498074
68,2,1979-04-01,1997-02-01,1997-03-01,2006-01-01,"[64, 128, 256, 512]",3,0.0,128,2,0.0005,0.0,16,12,0.5,60,0.7881974338371063,0.7009345794392523,0.6375122062651716,0.8065898787618168,0.28508940459162224
68,3,1979-04-01,2006-01-01,2006-02-01,2014-12-01,"[64, 128, 256, 512]",3,0.0,128,2,0.0005,0.0,16,12,0.5,60,0.991560613440576,0.4953271028037383,0.3584989948626312,0.6635379398079759,0.011837161330244594
69,1,1979-04-01,1988-03-01,1988-04-01,1997-02-01,"[64, 128, 256]",5,0.0,256,2,0.0005,0.0001,8,12,1.0,60,1.013417220561304,0.4953271028037383,0.4293789756705358,0.7226655188849804,-0.07459847582961432
69,2,1979-04-01,1997-02-01,1997-03-01,2006-01-01,"[64, 128, 256]",5,0.0,256,2,0.0005,0.0001,8,12,1.0,60,0.7499941409191239,0.5981308411214953,0.588349093577492,0.8114499948882382,0.27558240059494143
69,3,1979-04-01,2006-01-01,2006-02-01,2014-12-01,"[64, 128, 256]",5,0.0,256,2,0.0005,0.0001,8,12,1.0,60,1.0594029482279983,0.4953271028037383,0.36257802089908125,0.6694174367846378,-0.037740525031608296
70,1,1979-04-01,1988-03-01,1988-04-01,1997-02-01,"[128, 256, 512]",3,0.0,512,2,0.001,1e-05,16,12,0.5,60,1.0980586292587708,0.5514018691588785,0.4490740740740741,0.6798028465808362,-0.048817966030828774
70,2,1979-04-01,1997-02-01,1997-03-01,2006-01-01,"[128, 256, 512]",3,0.0,512,2,0.001,1e-05,16,12,0.5,60,0.8834727924560832,0.616822429906542,0.6251623067467668,0.8192681542392575,0.23064885552293646
70,3,1979-04-01,2006-01-01,2006-02-01,2014-12-01,"[128, 256, 512]",3,0.0,512,2,0.001,1e-05,16,12,0.5,60,1.1603645208840059,0.5046728971962616,0.35103888754143425,0.6659551481933248,-0.06401430127234775
71,1,1979-04-01,1988-03-01,1988-04-01,1997-02-01,"[64, 128, 256, 512]",3,0.2,256,2,0.0003,1e-05,16,25,0.5,60,0.9059762308530719,0.5794392523364486,0.3370329263780984,0.696870360495077,0.05231192727120337
71,2,1979-04-01,1997-02-01,1997-03-01,2006-01-01,"[64, 128, 256, 512]",3,0.2,256,2,0.0003,1e-05,16,25,0.5,60,0.8108419380455374,0.6728971962616822,0.6647933295406876,0.8307687992429811,0.2963888700270966
71,3,1979-04-01,2006-01-01,2006-02-01,2014-12-01,"[64, 128, 256, 512]",3,0.2,256,2,0.0003,1e-05,16,25,0.5,60,0.9697899901978323,0.5233644859813084,0.382705659583421,0.6776899327666458,0.04673359249711495
72,1,1979-04-01,1988-03-01,1988-04-01,1997-02-01,"[32, 64, 128]",3,0.2,256,2,0.001,1e-05,8,25,0.5,60,0.9762769714694157,0.40186915887850466,0.37867564534231196,0.6415320386799702,-0.07865946683777847
72,2,1979-04-01,1997-02-01,1997-03-01,2006-01-01,"[32, 64, 128]",3,0.2,256,2,0.001,1e-05,8,25,0.5,60,0.8122015511878183,0.6355140186915887,0.6304166666666666,0.8015882119086096,0.2593534413970221
72,3,1979-04-01,2006-01-01,2006-02-01,2014-12-01,"[32, 64, 128]",3,0.2,256,2,0.001,1e-05,8,25,0.5,60,0.9332256824056678,0.5233644859813084,0.3846371281181542,0.6998163972267588,0.07728306704089916
73,1,1979-04-01,1988-03-01,1988-04-01,1997-02-01,"[128, 256, 512]",3,0.0,128,1,0.0003,1e-05,32,25,1.0,60,0.8664226531982422,0.616822429906542,0.45599369374324,0.7007240287792355,0.10081552980332231
73,2,1979-04-01,1997-02-01,1997-03-01,2006-01-01,"[128, 256, 512]",3,0.0,128,1,0.0003,1e-05,32,25,1.0,60,0.7678663730621338,0.6355140186915887,0.4888994986870374,0.8037246016440771,0.2879402043579786
73,3,1979-04-01,2006-01-01,2006-02-01,2014-12-01,"[128, 256, 512]",3,0.0,128,1,0.0003,1e-05,32,25,1.0,60,0.9818713665008545,0.514018691588785,0.44542942922870393,0.6783860481949517,0.032280621588899217
74,1,1979-04-01,1988-03-01,1988-04-01,1997-02-01,"[64, 128, 256]",5,0.2,256,2,0.001,0.0001,16,12,1.0,60,1.000487662921442,0.5887850467289719,0.40204342273307786,0.6503218305532589,0.024951661764685662
74,2,1979-04-01,1997-02-01,1997-03-01,2006-01-01,"[64, 128, 256]",5,0.2,256,2,0.001,0.0001,16,12,1.0,60,1.03209423238986,0.5420560747663551,0.4075059101654846,0.7434223513552233,0.11240323974338906
74,3,1979-04-01,2006-01-01,2006-02-01,2014-12-01,"[64, 128, 256]",5,0.2,256,2,0.001,0.0001,16,12,1.0,60,1.1109941234098417,0.4766355140186916,0.3125499600319744,0.6502129983176667,-0.0710327709352292
75,1,1979-04-01,1988-03-01,1988-04-01,1997-02-01,"[128, 256, 512]",5,0.4,512,2,0.0003,0.0001,16,25,1.0,60,0.8408722465283403,0.5981308411214953,0.41520737327188934,0.737376627576286,0.11387420439377971
75,2,1979-04-01,1997-02-01,1997-03-01,2006-01-01,"[128, 256, 512]",5,0.4,512,2,0.0003,0.0001,16,25,1.0,60,0.7817141307848636,0.6074766355140186,0.5896737053923942,0.8196756865951106,0.2459864996028025
75,3,1979-04-01,2006-01-01,2006-02-01,2014-12-01,"[128, 256, 512]",5,0.4,512,2,0.0003,0.0001,16,25,1.0,60,1.0017116944366526,0.5327102803738317,0.3728896501101053,0.683186143832562,0.039564338609153205
76,1,1979-04-01,1988-03-01,1988-04-01,1997-02-01,"[64, 128, 256, 512]",3,0.2,256,2,0.0005,0.0,16,12,1.0,60,0.8827621134642128,0.5514018691588785,0.45766053823607783,0.6896370380126108,0.05911665539979871
76,2,1979-04-01,1997-02-01,1997-03-01,2006-01-01,"[64, 128, 256, 512]",3,0.2,256,2,0.0005,0.0,16,12,1.0,60,0.8240841025503997,0.5794392523364486,0.526168521462639,0.7654262860063253,0.22045376792535332
76,3,1979-04-01,2006-01-01,2006-02-01,2014-12-01,"[64, 128, 256, 512]",3,0.2,256,2,0.0005,0.0,16,12,1.0,60,1.0622611062548986,0.48598130841121495,0.2827545958564342,0.6851135728406237,-0.02132515321656947
77,1,1979-04-01,1988-03-01,1988-04-01,1997-02-01,"[128, 256, 512]",3,0.2,128,2,0.0005,0.0001,16,25,0.5,60,0.9015181354273145,0.5046728971962616,0.4131841230984438,0.6610514277546246,0.033395341503990594
77,2,1979-04-01,1997-02-01,1997-03-01,2006-01-01,"[128, 256, 512]",3,0.2,128,2,0.0005,0.0001,16,25,0.5,60,0.794525762584722,0.6822429906542056,0.5798812750032262,0.8058075124894075,0.2815862184686473
77,3,1979-04-01,2006-01-01,2006-02-01,2014-12-01,"[128, 256, 512]",3,0.2,128,2,0.0005,0.0001,16,25,0.5,60,1.0171418847324691,0.4392523364485981,0.30081300813008127,0.6676193554768034,-0.012914828781517285
78,1,1979-04-01,1988-03-01,1988-04-01,1997-02-01,"[128, 256, 512]",3,0.2,128,1,0.001,1e-05,16,12,1.0,60,0.9056388429392164,0.5700934579439252,0.36904761904761907,0.6631441769889785,0.03211859394483951
78,2,1979-04-01,1997-02-01,1997-03-01,2006-01-01,"[128, 256, 512]",3,0.2,128,1,0.001,1e-05,16,12,1.0,60,0.8317572457768093,0.5233644859813084,0.4795611140061375,0.8081704558155622,0.1905095658862077
78,3,1979-04-01,2006-01-01,2006-02-01,2014-12-01,"[128, 256, 512]",3,0.2,128,1,0.001,1e-05,16,12,1.0,60,1.0868256504290572,0.45794392523364486,0.4027973628900076,0.652409763502658,-0.05418344774837869
79,1,1979-04-01,1988-03-01,1988-04-01,1997-02-01,"[32, 64, 128]",5,0.0,256,1,0.001,0.0,32,12,1.0,60,0.9302306175231934,0.4392523364485981,0.41084895496660206,0.6568243263244574,-0.02697453116777826
79,2,1979-04-01,1997-02-01,1997-03-01,2006-01-01,"[32, 64, 128]",5,0.0,256,1,0.001,0.0,32,12,1.0,60,0.7646916508674622,0.5327102803738317,0.5199485783424077,0.8148033865860983,0.26534057576919756
79,3,1979-04-01,2006-01-01,2006-02-01,2014-12-01,"[32, 64, 128]",5,0.0,256,1,0.001,0.0,32,12,1.0,60,1.0247992277145386,0.5046728971962616,0.4252806813782423,0.6591127996555866,0.0019466626281163801
80,1,1979-04-01,1988-03-01,1988-04-01,1997-02-01,"[64, 128, 256]",5,0.2,256,1,0.0003,0.0,32,25,0.5,60,0.8325867056846619,0.6261682242990654,0.4362588982114662,0.7457707238532715,0.13083177551638492
80,2,1979-04-01,1997-02-01,1997-03-01,2006-01-01,"[64, 128, 256]",5,0.2,256,1,0.0003,0.0,32,25,0.5,60,0.7773233652114868,0.6728971962616822,0.657157622739018,0.8070008546631361,0.27531580525338784
80,3,1979-04-01,2006-01-01,2006-02-01,2014-12-01,"[64, 128, 256]",5,0.2,256,1,0.0003,0.0,32,25,0.5,60,0.9747756719589233,0.5420560747663551,0.4313719938082832,0.6692201775053427,0.024899548914101177
81,1,1979-04-01,1988-03-01,1988-04-01,1997-02-01,"[128, 256, 512]",3,0.4,128,1,0.0003,0.0001,16,12,0.5,60,0.9070260190518102,0.616822429906542,0.48098834128245893,0.7144572682183741,0.056365762464424374
81,2,1979-04-01,1997-02-01,1997-03-01,2006-01-01,"[128, 256, 512]",3,0.4,128,1,0.0003,0.0001,16,12,0.5,60,0.8466493526351786,0.5514018691588785,0.5652066069113253,0.776470587969828,0.1875062178253749
81,3,1979-04-01,2006-01-01,2006-02-01,2014-12-01,"[128, 256, 512]",3,0.4,128,1,0.0003,0.0001,16,12,0.5,60,0.9811389674650175,0.514018691588785,0.4581059227814837,0.6812901953135905,0.03452577255841538
82,1,1979-04-01,1988-03-01,1988-04-01,1997-02-01,"[32, 64, 128]",5,0.0,512,1,0.001,1e-05,8,12,0.5,60,1.0615364123727673,0.5420560747663551,0.4040223018717642,0.6658376154566467,-0.07937917983913878
82,2,1979-04-01,1997-02-01,1997-03-01,2006-01-01,"[32, 64, 128]",5,0.0,512,1,0.001,1e-05,8,12,0.5,60,0.7555051652070518,0.7009345794392523,0.6394982936666224,0.8104961900806004,0.3536840145665472
82,3,1979-04-01,2006-01-01,2006-02-01,2014-12-01,"[32, 64, 128]",5,0.0,512,1,0.001,1e-05,8,12,0.5,60,1.0343179803028284,0.514018691588785,0.4685734463276836,0.6483120757091688,0.010176269209559718
83,1,1979-04-01,1988-03-01,1988-04-01,1997-02-01,"[64, 128, 256, 512]",5,0.2,128,2,0.0003,0.0001,16,12,0.5,60,0.893263462547944,0.5981308411214953,0.47997825411618517,0.7570149697014998,0.07843709719680647
83,2,1979-04-01,1997-02-01,1997-03-01,2006-01-01,"[64, 128, 256, 512]",5,0.2,128,2,0.0003,0.0001,16,12,0.5,60,0.8892510995686611,0.5981308411214953,0.5716290842153705,0.7741944305731887,0.15991299772456213
83,3,1979-04-01,2006-01-01,2006-02-01,2014-12-01,"[64, 128, 256, 512]",5,0.2,128,2,0.0003,0.0001,16,12,0.5,60,0.9661293648113715,0.5327102803738317,0.3895083806718563,0.682044733545824,0.04899631130611859
84,1,1979-04-01,1988-03-01,1988-04-01,1997-02-01,"[64, 128, 256]",5,0.0,512,1,0.0003,0.0001,8,25,1.0,60,0.9396512486110223,0.514018691588785,0.43306076639409974,0.6737918032768855,-0.03979607790472506
84,2,1979-04-01,1997-02-01,1997-03-01,2006-01-01,"[64, 128, 256]",5,0.0,512,1,0.0003,0.0001,8,25,1.0,60,0.8289315756236282,0.5514018691588785,0.5483764967975494,0.7874785219339487,0.22676653074274344
84,3,1979-04-01,2006-01-01,2006-02-01,2014-12-01,"[64, 128, 256]",5,0.0,512,1,0.0003,0.0001,8,25,1.0,60,1.0593668116587345,0.5046728971962616,0.45123119707722154,0.6347457772426126,-0.03308451556343561
85,1,1979-04-01,1988-03-01,1988-04-01,1997-02-01,"[64, 128, 256, 512]",5,0.2,256,2,0.0005,0.0001,32,12,1.0,60,0.9649502635002136,0.5981308411214953,0.5216849344508919,0.7301697687282788,-0.006364431427806405
85,2,1979-04-01,1997-02-01,1997-03-01,2006-01-01,"[64, 128, 256, 512]",5,0.2,256,2,0.0005,0.0001,32,12,1.0,60,0.8571519255638123,0.5794392523364486,0.5587671587671589,0.8076681467069106,0.16575366727703145
85,3,1979-04-01,2006-01-01,2006-02-01,2014-12-01,"[64, 128, 256, 512]",5,0.2,256,2,0.0005,0.0001,32,12,1.0,60,1.022367000579834,0.4485981308411215,0.41632026364078945,0.6706047345602624,-0.015776910030807834
86,1,1979-04-01,1988-03-01,1988-04-01,1997-02-01,"[32, 64, 128]",3,0.4,128,2,0.0005,1e-05,8,12,1.0,60,0.8994498241727598,0.5794392523364486,0.5111306694830722,0.6990305642006218,0.03601406957844444
86,2,1979-04-01,1997-02-01,1997-03-01,2006-01-01,"[32, 64, 128]",3,0.4,128,2,0.0005,1e-05,8,12,1.0,60,0.7764393837652473,0.616822429906542,0.6145523128846535,0.8226994186568763,0.27545405947913204
86,3,1979-04-01,2006-01-01,2006-02-01,2014-12-01,"[32, 64, 128]",3,0.4,128,2,0.0005,1e-05,8,12,1.0,60,0.9877032581890854,0.4485981308411215,0.39592451065633055,0.68050064567855,0.025227433486936457
87,1,1979-04-01,1988-03-01,1988-04-01,1997-02-01,"[128, 256, 512]",3,0.0,256,1,0.0005,1e-05,32,25,1.0,60,0.9064951539039612,0.6074766355140186,0.4542464890896946,0.6771132207415977,0.06547620008264532
87,2,1979-04-01,1997-02-01,1997-03-01,2006-01-01,"[128, 256, 512]",3,0.0,256,1,0.0005,1e-05,32,25,1.0,60,0.8041977286338806,0.6542056074766355,0.5053662358010184,0.7845577734239294,0.2638808738578362
87,3,1979-04-01,2006-01-01,2006-02-01,2014-12-01,"[128, 256, 512]",3,0.0,256,1,0.0005,1e-05,32,25,1.0,60,0.9901442527770996,0.5700934579439252,0.4682988072818582,0.6818955533935175,0.04254697243068095
88,1,1979-04-01,1988-03-01,1988-04-01,1997-02-01,"[128, 256, 512]",3,0.2,128,1,0.0005,0.0001,8,25,0.5,60,0.8924329470251208,0.5514018691588785,0.4901568148873878,0.6922606811102279,0.041494848715982635
88,2,1979-04-01,1997-02-01,1997-03-01,2006-01-01,"[128, 256, 512]",3,0.2,128,1,0.0005,0.0001,8,25,0.5,60,0.8573650110547788,0.6542056074766355,0.654012654012654,0.8091962799879999,0.23826132361343455
88,3,1979-04-01,2006-01-01,2006-02-01,2014-12-01,"[128, 256, 512]",3,0.2,128,1,0.0005,0.0001,8,25,0.5,60,1.1097856191831215,0.4766355140186916,0.35420634031589565,0.6210445340083584,-0.09013271671031031
89,1,1979-04-01,1988-03-01,1988-04-01,1997-02-01,"[64, 128, 256, 512]",5,0.4,128,1,0.0005,0.0001,8,12,1.0,60,0.9149203779541444,0.5327102803738317,0.5118144484932616,0.7197399261366307,0.0008183101534405823
89,2,1979-04-01,1997-02-01,1997-03-01,2006-01-01,"[64, 128, 256, 512]",5,0.4,128,1,0.0005,0.0001,8,12,1.0,60,0.7827589745833495,0.6822429906542056,0.6768648018648019,0.8356380043990072,0.2791392351553562
89,3,1979-04-01,2006-01-01,2006-02-01,2014-12-01,"[64, 128, 256, 512]",5,0.4,128,1,0.0005,0.0001,8,12,1.0,60,0.9851337426176695,0.5233644859813084,0.4024824269330373,0.6435763156641162,0.026563097721876927
90,1,1979-04-01,1988-03-01,1988-04-01,1997-02-01,"[64, 128, 256, 512]",3,0.2,128,1,0.001,0.0,16,12,0.5,60,0.8379172276113634,0.616822429906542,0.46627187300803974,0.7461535528747362,0.12608330682986935
90,2,1979-04-01,1997-02-01,1997-03-01,2006-01-01,"[64, 128, 256, 512]",3,0.2,128,1,0.001,0.0,16,12,0.5,60,1.0972442716081565,0.5700934579439252,0.5786885548961973,0.7712720307012658,0.08524410212512967
90,3,1979-04-01,2006-01-01,2006-02-01,2014-12-01,"[64, 128, 256, 512]",3,0.2,128,1,0.001,0.0,16,12,0.5,60,1.106744583522048,0.411214953271028,0.3806734029644246,0.6397305646798547,-0.12931657901897098
91,1,1979-04-01,1988-03-01,1988-04-01,1997-02-01,"[64, 128, 256, 512]",5,0.2,256,1,0.0005,1e-05,16,25,1.0,60,0.9725341629759173,0.5887850467289719,0.4707660547076606,0.6798874357621725,0.04016772800656199
91,2,1979-04-01,1997-02-01,1997-03-01,2006-01-01,"[64, 128, 256, 512]",5,0.2,256,1,0.0005,1e-05,16,25,1.0,60,0.8551282604164052,0.5607476635514018,0.5493242238015129,0.7943752827738523,0.1404381990322826
91,3,1979-04-01,2006-01-01,2006-02-01,2014-12-01,"[64, 128, 256, 512]",5,0.2,256,1,0.0005,1e-05,16,25,1.0,60,1.26937537326991,0.48598130841121495,0.3014087361913449,0.6299648379651888,-0.135324520448995
92,1,1979-04-01,1988-03-01,1988-04-01,1997-02-01,"[64, 128, 256]",5,0.0,128,2,0.0003,0.0,8,12,0.5,60,0.9331707765008802,0.5233644859813084,0.5195027195027195,0.7369185287333498,0.019656772219972973
92,2,1979-04-01,1997-02-01,1997-03-01,2006-01-01,"[64, 128, 256]",5,0.0,128,2,0.0003,0.0,8,12,0.5,60,0.808875042701436,0.6448598130841121,0.6068460154591916,0.8086543425223877,0.23722901587864265
92,3,1979-04-01,2006-01-01,2006-02-01,2014-12-01,"[64, 128, 256]",5,0.0,128,2,0.0003,0.0,8,12,0.5,60,0.9792310589941863,0.4953271028037383,0.42969067969067964,0.6440720658109974,0.03748034498525887
93,1,1979-04-01,1988-03-01,1988-04-01,1997-02-01,"[128, 256, 512]",3,0.2,512,1,0.0005,1e-05,16,12,0.5,60,0.9240190915972273,0.5887850467289719,0.46105316341251007,0.68759376447669,0.03405338477658226
93,2,1979-04-01,1997-02-01,1997-03-01,2006-01-01,"[128, 256, 512]",3,0.2,512,1,0.0005,1e-05,16,12,0.5,60,0.8511443260674164,0.5233644859813084,0.48007856341189675,0.7976712428124634,0.21338614237472653
93,3,1979-04-01,2006-01-01,2006-02-01,2014-12-01,"[128, 256, 512]",3,0.2,512,1,0.0005,1e-05,16,12,0.5,60,1.113016842681671,0.4953271028037383,0.4250686413179133,0.68546034598018,-0.06764137883687282
94,1,1979-04-01,1988-03-01,1988-04-01,1997-02-01,"[64, 128, 256]",3,0.0,256,2,0.0005,0.0001,16,25,1.0,60,0.8775028023764352,0.6261682242990654,0.44543561014149247,0.671513406894466,0.08004808457619261
94,2,1979-04-01,1997-02-01,1997-03-01,2006-01-01,"[64, 128, 256]",3,0.0,256,2,0.0005,0.0001,16,25,1.0,60,0.8135254706177756,0.616822429906542,0.5552519732847602,0.8035636786830441,0.23794400054789955
94,3,1979-04-01,2006-01-01,2006-02-01,2014-12-01,"[64, 128, 256]",3,0.0,256,2,0.0005,0.0001,16,25,1.0,60,0.9675261695808339,0.514018691588785,0.3762535942211936,0.6626114704551161,0.04815767127402948
95,1,1979-04-01,1988-03-01,1988-04-01,1997-02-01,"[128, 256, 512]",5,0.4,128,1,0.0003,0.0,32,12,0.5,60,0.848731279373169,0.5887850467289719,0.4798474945533769,0.7095267996096366,0.09695341043983097
95,2,1979-04-01,1997-02-01,1997-03-01,2006-01-01,"[128, 256, 512]",5,0.4,128,1,0.0003,0.0,32,12,0.5,60,0.8625513315200806,0.5046728971962616,0.47854122321555276,0.7924207218911338,0.1686120335406952
95,3,1979-04-01,2006-01-01,2006-02-01,2014-12-01,"[128, 256, 512]",5,0.4,128,1,0.0003,0.0,32,12,0.5,60,0.9843467473983765,0.514018691588785,0.38023088023088025,0.673228661586346,0.021896567185891058
96,1,1979-04-01,1988-03-01,1988-04-01,1997-02-01,"[32, 64, 128]",3,0.0,128,2,0.001,0.0,16,25,0.5,60,0.8762332134157698,0.48598130841121495,0.4538412428176208,0.6632312708603619,0.02705313631621009
96,2,1979-04-01,1997-02-01,1997-03-01,2006-01-01,"[32, 64, 128]",3,0.0,128,2,0.001,0.0,16,25,0.5,60,0.781591593662155,0.616822429906542,0.591031746031746,0.7942257439867982,0.2923921378801242
96,3,1979-04-01,2006-01-01,2006-02-01,2014-12-01,"[32, 64, 128]",3,0.0,128,2,0.001,0.0,16,25,0.5,60,1.009687229851696,0.48598130841121495,0.4006342019924363,0.6966825542886639,0.029537795405464085
97,1,1979-04-01,1988-03-01,1988-04-01,1997-02-01,"[64, 128, 256]",3,0.2,512,2,0.0005,0.0,16,25,0.5,60,0.8894059045292507,0.5700934579439252,0.29111944965603503,0.6915650766774694,0.0360162554517891
97,2,1979-04-01,1997-02-01,1997-03-01,2006-01-01,"[64, 128, 256]",3,0.2,512,2,0.0005,0.0,16,25,0.5,60,0.7949681187344488,0.6448598130841121,0.4909090909090909,0.7870114569223192,0.2642185651604948
97,3,1979-04-01,2006-01-01,2006-02-01,2014-12-01,"[64, 128, 256]",3,0.2,512,2,0.0005,0.0,16,25,0.5,60,1.035049534846689,0.5514018691588785,0.4052910052910053,0.6480011968066537,-0.01834648830337482
98,1,1979-04-01,1988-03-01,1988-04-01,1997-02-01,"[128, 256, 512]",3,0.0,256,2,0.0005,1e-05,32,12,0.5,60,0.8765397667884827,0.5700934579439252,0.4186111111111111,0.6812329253665491,0.07726951677660465
98,2,1979-04-01,1997-02-01,1997-03-01,2006-01-01,"[128, 256, 512]",3,0.0,256,2,0.0005,1e-05,32,12,0.5,60,0.7562862634658813,0.6635514018691588,0.6472707956470555,0.8131100792613558,0.2903163648064021
98,3,1979-04-01,2006-01-01,2006-02-01,2014-12-01,"[128, 256, 512]",3,0.0,256,2,0.0005,1e-05,32,12,0.5,60,0.9625940322875977,0.514018691588785,0.3757824303906756,0.6542086385571874,0.042702400175477995
99,1,1979-04-01,1988-03-01,1988-04-01,1997-02-01,"[32, 64, 128]",3,0.2,128,1,0.001,0.0001,16,25,0.5,60,0.8443000884813683,0.514018691588785,0.450719822812846,0.7073749540368454,0.08356258318287169
99,2,1979-04-01,1997-02-01,1997-03-01,2006-01-01,"[32, 64, 128]",3,0.2,128,1,0.001,0.0001,16,25,0.5,60,0.7852740889397737,0.6355140186915887,0.6129249205184641,0.8005554166495866,0.26839214833237435
99,3,1979-04-01,2006-01-01,2006-02-01,2014-12-01,"[32, 64, 128]",3,0.2,128,1,0.001,0.0001,16,25,0.5,60,0.9906924082854084,0.514018691588785,0.3733923676997681,0.6780306610733337,0.013858487056667368
100,1,1979-04-01,1988-03-01,1988-04-01,1997-02-01,"[64, 128, 256, 512]",5,0.4,256,2,0.001,1e-05,16,12,1.0,60,0.9916806622086284,0.5327102803738317,0.5263633066986783,0.6949498538337013,-0.07974105496405093
100,2,1979-04-01,1997-02-01,1997-03-01,2006-01-01,"[64, 128, 256, 512]",5,0.4,256,2,0.001,1e-05,16,12,1.0,60,0.8579601985271846,0.6261682242990654,0.4796520658589624,0.749390832671711,0.21293892500925027
100,3,1979-04-01,2006-01-01,2006-02-01,2014-12-01,"[64, 128, 256, 512]",5,0.4,256,2,0.001,1e-05,16,12,1.0,60,1.3145984990574489,0.48598130841121495,0.39904391698021097,0.6645262788695661,-0.1238656416311521
101,1,1979-04-01,1988-03-01,1988-04-01,1997-02-01,"[128, 256, 512]",5,0.0,256,2,0.0003,1e-05,32,25,1.0,60,0.8986179828643799,0.5420560747663551,0.374031007751938,0.6867037351229183,0.04137861151058431
101,2,1979-04-01,1997-02-01,1997-03-01,2006-01-01,"[128, 256, 512]",5,0.0,256,2,0.0003,1e-05,32,25,1.0,60,0.8272953033447266,0.6261682242990654,0.551147842056933,0.7908540886683678,0.22215636951632944
101,3,1979-04-01,2006-01-01,2006-02-01,2014-12-01,"[128, 256, 512]",5,0.0,256,2,0.0003,1e-05,32,25,1.0,60,0.9403048157691956,0.5233644859813084,0.410249123804111,0.6936099322650131,0.07697382566093547
102,1,1979-04-01,1988-03-01,1988-04-01,1997-02-01,"[32, 64, 128]",3,0.2,256,2,0.0003,0.0,16,25,0.5,60,0.8897836910229977,0.5607476635514018,0.4681318681318682,0.7122052984081743,0.05599707406799881
102,2,1979-04-01,1997-02-01,1997-03-01,2006-01-01,"[32, 64, 128]",3,0.2,256,2,0.0003,0.0,16,25,0.5,60,0.7602782015488526,0.6822429906542056,0.6613020006351222,0.8099650112423945,0.2989798343393738
102,3,1979-04-01,2006-01-01,2006-02-01,2014-12-01,"[32, 64, 128]",3,0.2,256,2,0.0003,0.0,16,25,0.5,60,0.974089648679038,0.5420560747663551,0.3983516483516483,0.6644654282714951,0.050179626303228364
103,1,1979-04-01,1988-03-01,1988-04-01,1997-02-01,"[64, 128, 256]",5,0.2,512,1,0.0005,1e-05,8,12,1.0,60,0.8671012103000534,0.5514018691588785,0.4588522588522588,0.7023164043066608,0.05080899823356766
103,2,1979-04-01,1997-02-01,1997-03-01,2006-01-01,"[64, 128, 256]",5,0.2,512,1,0.0005,1e-05,8,12,1.0,60,0.7726319370982803,0.6355140186915887,0.5208699571782736,0.7782605316484954,0.2806887430319769
103,3,1979-04-01,2006-01-01,2006-02-01,2014-12-01,"[64, 128, 256]",5,0.2,512,1,0.0005,1e-05,8,12,1.0,60,0.991132542351696,0.514018691588785,0.3957671957671958,0.6591681149761187,0.011696590322954559
104,1,1979-04-01,1988-03-01,1988-04-01,1997-02-01,"[64, 128, 256]",3,0.0,512,2,0.0005,0.0,32,25,0.5,60,0.9094271063804626,0.5607476635514018,0.43091787439613527,0.6769427738938942,0.04244853220467748
104,2,1979-04-01,1997-02-01,1997-03-01,2006-01-01,"[64, 128, 256]",3,0.0,512,2,0.0005,0.0,32,25,0.5,60,0.7343812584877014,0.7009345794392523,0.6805368793266596,0.8251432532044646,0.32293470609093566
104,3,1979-04-01,2006-01-01,2006-02-01,2014-12-01,"[64, 128, 256]",3,0.0,512,2,0.0005,0.0,32,25,0.5,60,1.0185586214065552,0.4392523364485981,0.29226493747105137,0.680929012423316,-0.011186268580968495
105,1,1979-04-01,1988-03-01,1988-04-01,1997-02-01,"[64, 128, 256]",5,0.2,256,2,0.0005,1e-05,8,12,0.5,60,0.8624296232918712,0.6261682242990654,0.45738705738705737,0.7093216278347652,0.07807264488316068
105,2,1979-04-01,1997-02-01,1997-03-01,2006-01-01,"[64, 128, 256]",5,0.2,256,2,0.0005,1e-05,8,12,0.5,60,0.795801543743811,0.6261682242990654,0.47978519370924433,0.7796591881173972,0.25483901032142353
105,3,1979-04-01,2006-01-01,2006-02-01,2014-12-01,"[64, 128, 256]",5,0.2,256,2,0.0005,1e-05,8,12,0.5,60,1.0172372872584334,0.5700934579439252,0.4213450292397661,0.6946182241844063,0.04317571196628345
106,1,1979-04-01,1988-03-01,1988-04-01,1997-02-01,"[64, 128, 256]",5,0.2,256,1,0.0005,1e-05,32,12,0.5,60,0.8959231972694397,0.5700934579439252,0.5031969309462915,0.6887669146680436,0.0454809067482288
106,2,1979-04-01,1997-02-01,1997-03-01,2006-01-01,"[64, 128, 256]",5,0.2,256,1,0.0005,1e-05,32,12,0.5,60,0.7662785053253174,0.5981308411214953,0.5883568832960097,0.8218440330845761,0.27643920893731744
106,3,1979-04-01,2006-01-01,2006-02-01,2014-12-01,"[64, 128, 256]",5,0.2,256,1,0.0005,1e-05,32,12,0.5,60,0.9984312653541565,0.514018691588785,0.3762535942211936,0.6546855969468027,0.0051803368239180525
107,1,1979-04-01,1988-03-01,1988-04-01,1997-02-01,"[32, 64, 128]",3,0.4,128,1,0.001,0.0001,16,25,0.5,60,0.8709905816015796,0.5327102803738317,0.4536118902658299,0.6955377195321969,0.02502926916419901
107,2,1979-04-01,1997-02-01,1997-03-01,2006-01-01,"[32, 64, 128]",3,0.4,128,1,0.001,0.0001,16,25,0.5,60,0.8376697157030908,0.5420560747663551,0.5200812927569008,0.7671857667089487,0.20611478100360803
107,3,1979-04-01,2006-01-01,2006-02-01,2014-12-01,"[32, 64, 128]",3,0.4,128,1,0.001,0.0001,16,25,0.5,60,0.9818434314193013,0.4766355140186916,0.34529312495414194,0.6545369701529625,0.019171639445393684
108,1,1979-04-01,1988-03-01,1988-04-01,1997-02-01,"[128, 256, 512]",3,0.0,256,1,0.001,0.0001,16,25,1.0,60,1.0330362119407297,0.4953271028037383,0.47815147815147824,0.6994524364979178,-0.11666913476454344
108,2,1979-04-01,1997-02-01,1997-03-01,2006-01-01,"[128, 256, 512]",3,0.0,256,1,0.001,0.0001,16,25,1.0,60,0.89130705093669,0.48598130841121495,0.448210922787194,0.8009051992310758,0.13229309680535195
108,3,1979-04-01,2006-01-01,2006-02-01,2014-12-01,"[128, 256, 512]",3,0.0,256,1,0.001,0.0001,16,25,1.0,60,1.0355123047516726,0.4672897196261682,0.43179696120872596,0.6722281827076012,-0.008585084480567495
109,1,1979-04-01,1988-03-01,1988-04-01,1997-02-01,"[64, 128, 256, 512]",5,0.0,256,1,0.001,0.0,32,25,1.0,60,1.3025667667388916,0.34579439252336447,0.3239098624524437,0.7216883346864638,-0.4230063401821125
109,2,1979-04-01,1997-02-01,1997-03-01,2006-01-01,"[64, 128, 256, 512]",5,0.0,256,1,0.001,0.0,32,25,1.0,60,0.9792420864105225,0.6822429906542056,0.6653016653016652,0.8044561313895958,0.19527494211533236
109,3,1979-04-01,2006-01-01,2006-02-01,2014-12-01,"[64, 128, 256, 512]",5,0.0,256,1,0.001,0.0,32,25,1.0,60,1.1905523538589478,0.35514018691588783,0.3286306652643286,0.6189250731069272,-0.20486338285635597
110,1,1979-04-01,1988-03-01,1988-04-01,1997-02-01,"[32, 64, 128]",5,0.4,512,2,0.001,0.0001,32,25,1.0,60,0.9256868362426758,0.4766355140186916,0.4415209000574854,0.6565085943029074,-0.018928843598845058
110,2,1979-04-01,1997-02-01,1997-03-01,2006-01-01,"[32, 64, 128]",5,0.4,512,2,0.001,0.0001,32,25,1.0,60,0.8236741423606873,0.5514018691588785,0.5245711079044413,0.8563335408836443,0.21411157041271978
110,3,1979-04-01,2006-01-01,2006-02-01,2014-12-01,"[32, 64, 128]",5,0.4,512,2,0.001,0.0001,32,25,1.0,60,1.1386367082595825,0.38317757009345793,0.2271604938271605,0.6393337114352381,-0.14218424397269924
111,1,1979-04-01,1988-03-01,1988-04-01,1997-02-01,"[128, 256, 512]",5,0.0,256,2,0.001,0.0,16,12,1.0,60,1.2309596828211133,0.19626168224299065,0.109375,0.6354842045278962,-0.3520261782990397
111,2,1979-04-01,1997-02-01,1997-03-01,2006-01-01,"[128, 256, 512]",5,0.0,256,2,0.001,0.0,16,12,1.0,60,0.7252884384627655,0.6355140186915887,0.487062404870624,0.7897380672561223,0.313083369436146
111,3,1979-04-01,2006-01-01,2006-02-01,2014-12-01,"[128, 256, 512]",5,0.0,256,2,0.001,0.0,16,12,1.0,60,1.060280808221514,0.4953271028037383,0.45600804424333835,0.6684753441014021,-0.019666456590833326
112,1,1979-04-01,1988-03-01,1988-04-01,1997-02-01,"[128, 256, 512]",3,0.0,512,1,0.001,0.0001,32,12,1.0,60,1.1588681936264038,0.308411214953271,0.3011363636363636,0.7037894131211134,-0.2521514136840204
112,2,1979-04-01,1997-02-01,1997-03-01,2006-01-01,"[128, 256, 512]",3,0.0,512,1,0.001,0.0001,32,12,1.0,60,0.9991891980171204,0.6261682242990654,0.6283068783068783,0.8249934881264905,0.20838250659722812
112,3,1979-04-01,2006-01-01,2006-02-01,2014-12-01,"[128, 256, 512]",3,0.0,512,1,0.001,0.0001,32,12,1.0,60,1.2264968156814575,0.4953271028037383,0.431963196319632,0.6652160739496217,-0.12160222291974776
113,1,1979-04-01,1988-03-01,1988-04-01,1997-02-01,"[64, 128, 256]",5,0.2,256,2,0.0003,1e-05,16,25,1.0,60,0.9127112950120017,0.5607476635514018,0.4424590734935563,0.706064049479572,0.047256250725988824
113,2,1979-04-01,1997-02-01,1997-03-01,2006-01-01,"[64, 128, 256]",5,0.2,256,2,0.0003,1e-05,16,25,1.0,60,0.816708821002568,0.6074766355140186,0.46190906353507977,0.7792624879772472,0.23716442932809223
113,3,1979-04-01,2006-01-01,2006-02-01,2014-12-01,"[64, 128, 256]",5,0.2,256,2,0.0003,1e-05,16,25,1.0,60,0.9824323921560127,0.5046728971962616,0.37019872199985954,0.6393694628359637,0.022658965115214147
114,1,1979-04-01,1988-03-01,1988-04-01,1997-02-01,"[32, 64, 128]",5,0.4,256,1,0.0005,1e-05,32,12,0.5,60,0.8699262142181396,0.616822429906542,0.4927086177086178,0.6959262896140941,0.07992268829758142
114,2,1979-04-01,1997-02-01,1997-03-01,2006-01-01,"[32, 64, 128]",5,0.4,256,1,0.0005,1e-05,32,12,0.5,60,0.7481584548950195,0.6915887850467289,0.6693632407918123,0.8210390758497655,0.3104822102674122
114,3,1979-04-01,2006-01-01,2006-02-01,2014-12-01,"[32, 64, 128]",5,0.4,256,1,0.0005,1e-05,32,12,0.5,60,0.9583919644355774,0.5327102803738317,0.3943019943019943,0.6957631933172967,0.04789658700535848
115,1,1979-04-01,1988-03-01,1988-04-01,1997-02-01,"[128, 256, 512]",3,0.0,256,2,0.0003,1e-05,8,25,0.5,60,0.9310989903512402,0.5794392523364486,0.4275322785961084,0.6598302281632753,0.026373006228535
115,2,1979-04-01,1997-02-01,1997-03-01,2006-01-01,"[128, 256, 512]",3,0.0,256,2,0.0003,1e-05,8,25,0.5,60,0.8299050943873753,0.6261682242990654,0.6070465698372062,0.7866533590474972,0.22934019515243687
115,3,1979-04-01,2006-01-01,2006-02-01,2014-12-01,"[128, 256, 512]",3,0.0,256,2,0.0003,1e-05,8,25,0.5,60,0.9726452604632512,0.5327102803738317,0.3913043478260869,0.6732987002626617,0.03999146787977825
116,1,1979-04-01,1988-03-01,1988-04-01,1997-02-01,"[64, 128, 256]",5,0.4,128,1,0.001,0.0,8,25,0.5,60,0.9245571939744682,0.5046728971962616,0.4951891799349426,0.7151681399026367,-0.022576261128851582
116,2,1979-04-01,1997-02-01,1997-03-01,2006-01-01,"[64, 128, 256]",5,0.4,128,1,0.001,0.0,8,25,0.5,60,0.8419494550918865,0.5887850467289719,0.5790725836500484,0.8407523524336464,0.21823375908299847
116,3,1979-04-01,2006-01-01,2006-02-01,2014-12-01,"[64, 128, 256]",5,0.4,128,1,0.001,0.0,8,25,0.5,60,0.9897270804253694,0.5233644859813084,0.38534580498866217,0.6656778768771479,0.024461233964178097
117,1,1979-04-01,1988-03-01,1988-04-01,1997-02-01,"[32, 64, 128]",5,0.2,256,2,0.0003,0.0001,8,12,0.5,60,0.889694201612027,0.5514018691588785,0.48874146149687947,0.7161230126330588,0.048555997029345654
117,2,1979-04-01,1997-02-01,1997-03-01,2006-01-01,"[32, 64, 128]",5,0.2,256,2,0.0003,0.0001,8,12,0.5,60,0.7258063777584896,0.6448598130841121,0.6078949687197109,0.8189459995042268,0.31747791155454275
117,3,1979-04-01,2006-01-01,2006-02-01,2014-12-01,"[32, 64, 128]",5,0.2,256,2,0.0003,0.0001,8,12,0.5,60,1.0035044528613581,0.48598130841121495,0.3547101449275362,0.6596395050771356,0.02365463211886354
118,1,1979-04-01,1988-03-01,1988-04-01,1997-02-01,"[128, 256, 512]",3,0.0,128,1,0.0005,0.0001,8,12,0.5,60,0.9168194699510236,0.514018691588785,0.4906899398878008,0.6746652729829999,-0.01540547357927613
118,2,1979-04-01,1997-02-01,1997-03-01,2006-01-01,"[128, 256, 512]",3,0.0,128,1,0.0005,0.0001,8,12,0.5,60,0.7805541419537267,0.5794392523364486,0.5757734184983975,0.7786240073634126,0.24479482250650098
118,3,1979-04-01,2006-01-01,2006-02-01,2014-12-01,"[128, 256, 512]",3,0.0,128,1,0.0005,0.0001,8,12,0.5,60,0.9860942274610572,0.5233644859813084,0.3853270223752152,0.6688555699292481,0.03520872948526055
119,1,1979-04-01,1988-03-01,1988-04-01,1997-02-01,"[64, 128, 256]",5,0.2,256,1,0.0003,0.0,8,25,1.0,60,0.8894748186396662,0.5420560747663551,0.4788717391535913,0.7287752075234337,0.05836068757428703
119,2,1979-04-01,1997-02-01,1997-03-01,2006-01-01,"[64, 128, 256]",5,0.2,256,1,0.0003,0.0,8,25,1.0,60,0.7801735646256777,0.6542056074766355,0.6313275162223375,0.8064899243033018,0.27745363462388906
119,3,1979-04-01,2006-01-01,2006-02-01,2014-12-01,"[64, 128, 256]",5,0.2,256,1,0.0003,0.0,8,25,1.0,60,1.0276693484493504,0.4485981308411215,0.3818300448898632,0.6726797412029762,-0.029055455174791245
120,1,1979-04-01,1988-03-01,1988-04-01,1997-02-01,"[64, 128, 256]",5,0.4,128,1,0.0005,0.0,32,25,0.5,60,0.9088575839996338,0.5887850467289719,0.5131766381766382,0.6858252237566945,0.04853817060248922
120,2,1979-04-01,1997-02-01,1997-03-01,2006-01-01,"[64, 128, 256]",5,0.4,128,1,0.0005,0.0,32,25,0.5,60,0.7906171679496765,0.6355140186915887,0.6007579007579008,0.7811029670141814,0.24820336820436295
120,3,1979-04-01,2006-01-01,2006-02-01,2014-12-01,"[64, 128, 256]",5,0.4,128,1,0.0005,0.0,32,25,0.5,60,1.0547301769256592,0.4766355140186916,0.3507078507078507,0.6582375808191362,-0.05829184550737043
121,1,1979-04-01,1988-03-01,1988-04-01,1997-02-01,"[128, 256, 512]",3,0.4,256,1,0.0003,1e-05,32,25,0.5,60,0.8669403791427612,0.5607476635514018,0.42109549506809785,0.6940925528283964,0.07271012206176175
121,2,1979-04-01,1997-02-01,1997-03-01,2006-01-01,"[128, 256, 512]",3,0.4,256,1,0.0003,1e-05,32,25,0.5,60,0.795508861541748,0.616822429906542,0.6179672984020811,0.801262053933395,0.25719476120248363
121,3,1979-04-01,2006-01-01,2006-02-01,2014-12-01,"[128, 256, 512]",3,0.4,256,1,0.0003,1e-05,32,25,0.5,60,0.999746561050415,0.4953271028037383,0.3910767594978121,0.6780186992196479,0.018212701760642935
122,1,1979-04-01,1988-03-01,1988-04-01,1997-02-01,"[32, 64, 128]",5,0.4,512,1,0.0005,0.0,32,25,0.5,60,0.885968804359436,0.5794392523364486,0.49767331433998097,0.693203452421721,0.07186403163731359
122,2,1979-04-01,1997-02-01,1997-03-01,2006-01-01,"[32, 64, 128]",5,0.4,512,1,0.0005,0.0,32,25,0.5,60,0.7643539309501648,0.6261682242990654,0.5754718328975754,0.7915171450103052,0.27860537310748945
122,3,1979-04-01,2006-01-01,2006-02-01,2014-12-01,"[32, 64, 128]",5,0.4,512,1,0.0005,0.0,32,25,0.5,60,1.0356298685073853,0.5046728971962616,0.388318670576735,0.6506618397489083,-0.029946004845006646
123,1,1979-04-01,1988-03-01,1988-04-01,1997-02-01,"[32, 64, 128]",3,0.2,512,1,0.0003,0.0001,16,25,0.5,60,0.9060250587552507,0.5233644859813084,0.4556352622349753,0.7131824873889155,0.040737491873709786
123,2,1979-04-01,1997-02-01,1997-03-01,2006-01-01,"[32, 64, 128]",3,0.2,512,1,0.0003,0.0001,16,25,0.5,60,0.7698869487949621,0.6635514018691588,0.615947081433807,0.8105588343516535,0.2807020588710101
123,3,1979-04-01,2006-01-01,2006-02-01,2014-12-01,"[32, 64, 128]",3,0.2,512,1,0.0003,0.0001,16,25,0.5,60,1.0043702693743126,0.5420560747663551,0.3975438596491228,0.6513215414392037,0.020239057585488607
124,1,1979-04-01,1988-03-01,1988-04-01,1997-02-01,"[128, 256, 512]",5,0.4,128,2,0.0005,0.0,32,25,1.0,60,0.8614435791969299,0.5981308411214953,0.45139234044839677,0.6931206589656593,0.08038414056917664
124,2,1979-04-01,1997-02-01,1997-03-01,2006-01-01,"[128, 256, 512]",5,0.4,128,2,0.0005,0.0,32,25,1.0,60,0.8154089450836182,0.6074766355140186,0.46193156865093626,0.7724767233401915,0.2314767604882464
124,3,1979-04-01,2006-01-01,2006-02-01,2014-12-01,"[128, 256, 512]",5,0.4,128,2,0.0005,0.0,32,25,1.0,60,1.0995978116989136,0.45794392523364486,0.3723193996375989,0.6894424455486085,-0.08732687111458648
125,1,1979-04-01,1988-03-01,1988-04-01,1997-02-01,"[64, 128, 256]",5,0.4,128,2,0.0005,0.0,8,25,1.0,60,0.872750322395396,0.5420560747663551,0.43266856600189935,0.7211903640473132,0.06323421370567006
125,2,1979-04-01,1997-02-01,1997-03-01,2006-01-01,"[64, 128, 256]",5,0.4,128,2,0.0005,0.0,8,25,1.0,60,0.8404709635493911,0.6261682242990654,0.618987341772152,0.7896452185351189,0.2562214751124081
125,3,1979-04-01,2006-01-01,2006-02-01,2014-12-01,"[64, 128, 256]",5,0.4,128,2,0.0005,0.0,8,25,1.0,60,1.0085770549061142,0.5046728971962616,0.37632183908045985,0.662575645202725,-0.008070327979096348
126,1,1979-04-01,1988-03-01,1988-04-01,1997-02-01,"[32, 64, 128]",5,0.2,256,2,0.001,1e-05,32,12,0.5,60,0.885589599609375,0.514018691588785,0.41825578438850747,0.6842569721604238,0.0732867985892226
126,2,1979-04-01,1997-02-01,1997-03-01,2006-01-01,"[32, 64, 128]",5,0.2,256,2,0.001,1e-05,32,12,0.5,60,0.744124174118042,0.6074766355140186,0.5894056847545219,0.8109877068530643,0.2969816429746115
126,3,1979-04-01,2006-01-01,2006-02-01,2014-12-01,"[32, 64, 128]",5,0.2,256,2,0.001,1e-05,32,12,0.5,60,1.1120034456253052,0.5327102803738317,0.39204259299230165,0.6862409350170334,-0.004036917961764308
127,1,1979-04-01,1988-03-01,1988-04-01,1997-02-01,"[128, 256, 512]",5,0.2,256,1,0.0003,0.0001,32,25,1.0,60,0.8753442764282227,0.616822429906542,0.4633635533066273,0.6840291493795232,0.08665070715539958
127,2,1979-04-01,1997-02-01,1997-03-01,2006-01-01,"[128, 256, 512]",5,0.2,256,1,0.0003,0.0001,32,25,1.0,60,0.7823861837387085,0.5887850467289719,0.5822473822473823,0.8083901958115134,0.2669823191791286
127,3,1979-04-01,2006-01-01,2006-02-01,2014-12-01,"[128, 256, 512]",5,0.2,256,1,0.0003,0.0001,32,25,1.0,60,1.015313744544983,0.4672897196261682,0.39400751021546127,0.664370908297154,-0.009317676822611753
128,1,1979-04-01,1988-03-01,1988-04-01,1997-02-01,"[32, 64, 128]",5,0.0,128,1,0.0005,0.0001,32,12,1.0,60,0.8504313826560974,0.5981308411214953,0.44808801538132875,0.7345238752793954,0.1140045468624643
128,2,1979-04-01,1997-02-01,1997-03-01,2006-01-01,"[32, 64, 128]",5,0.0,128,1,0.0005,0.0001,32,12,1.0,60,0.8168912529945374,0.6261682242990654,0.6072204931366173,0.7705869001728134,0.22750837871894503
128,3,1979-04-01,2006-01-01,2006-02-01,2014-12-01,"[32, 64, 128]",5,0.0,128,1,0.0005,0.0001,32,12,1.0,60,0.9243122935295105,0.514018691588785,0.40633529790156303,0.6921854506612548,0.08978204373415877
